,location,startDate,entityId,displayId,cloudCover,spatialBounds,spatialCoverage
3499,3106200,2010-08-01 00:00:00,LT52180742010213CUB00,LT05_L2SP_218074_20100801_20200824_02_T1,0,"{'type': 'Polygon', 'coordinates': [[[-45.34148, -21.149], [-45.34148, -19.30665], [-43.22228, -19.30665], [-43.22228, -21.149], [-45.34148, -21.149]]]}","{'type': 'Polygon', 'coordinates': [[[-45.34148, -20.8933], [-43.58289, -21.149], [-43.22228, -19.55984], [-44.96363, -19.30665], [-45.34148, -20.8933]]]}"
3670,3118601,2010-08-01 00:00:00,LT52180742010213CUB00,LT05_L2SP_218074_20100801_20200824_02_T1,0,"{'type': 'Polygon', 'coordinates': [[[-45.34148, -21.149], [-45.34148, -19.30665], [-43.22228, -19.30665], [-43.22228, -21.149], [-45.34148, -21.149]]]}","{'type': 'Polygon', 'coordinates': [[[-45.34148, -20.8933], [-43.58289, -21.149], [-43.22228, -19.55984], [-44.96363, -19.30665], [-45.34148, -20.8933]]]}"
4305,3171204,2010-08-01 00:00:00,LT52180742010213CUB00,LT05_L2SP_218074_20100801_20200824_02_T1,0,"{'type': 'Polygon', 'coordinates': [[[-45.34148, -21.149], [-45.34148, -19.30665], [-43.22228, -19.30665], [-43.22228, -21.149], [-45.34148, -21.149]]]}","{'type': 'Polygon', 'coordinates': [[[-45.34148, -20.8933], [-43.58289, -21.149], [-43.22228, -19.55984], [-44.96363, -19.30665], [-45.34148, -20.8933]]]}"
4812,3300704,2010-09-04 00:00:00,LT52160762010247CUB00,LT05_L2SP_216076_20100904_20200823_02_T1,0,"{'type': 'Polygon', 'coordinates': [[[-42.96881, -24.03136], [-42.96881, -22.18522], [-40.80483, -22.18522], [-40.80483, -24.03136], [-42.96881, -24.03136]]]}","{'type': 'Polygon', 'coordinates': [[[-42.96881, -23.77045], [-41.1744, -24.03136], [-40.80483, -22.44317], [-42.5789, -22.18522], [-42.96881, -23.77045]]]}"
5715,3510609,2010-08-24 00:00:00,LT52190762010236CUB00,LT05_L2SP_219076_20100824_20200823_02_T1,0,"{'type': 'Polygon', 'coordinates': [[[-47.59278, -24.03146], [-47.59278, -22.18532], [-45.4288, -22.18532], [-45.4288, -24.03146], [-47.59278, -24.03146]]]}","{'type': 'Polygon', 'coordinates': [[[-47.59278, -23.77055], [-45.79837, -24.03146], [-45.4288, -22.44327], [-47.20287, -22.18532], [-47.59278, -23.77055]]]}"
5843,3513801,2010-08-24 00:00:00,LT52190762010236CUB00,LT05_L2SP_219076_20100824_20200823_02_T1,0,"{'type': 'Polygon', 'coordinates': [[[-47.59278, -24.03146], [-47.59278, -22.18532], [-45.4288, -22.18532], [-45.4288, -24.03146], [-47.59278, -24.03146]]]}","{'type': 'Polygon', 'coordinates': [[[-47.59278, -23.77055], [-45.79837, -24.03146], [-45.4288, -22.44327], [-47.20287, -22.18532], [-47.59278, -23.77055]]]}"
5960,3518800,2010-08-24 00:00:00,LT52190762010236CUB00,LT05_L2SP_219076_20100824_20200823_02_T1,0,"{'type': 'Polygon', 'coordinates': [[[-47.59278, -24.03146], [-47.59278, -22.18532], [-45.4288, -22.18532], [-45.4288, -24.03146], [-47.59278, -24.03146]]]}","{'type': 'Polygon', 'coordinates': [[[-47.59278, -23.77055], [-45.79837, -24.03146], [-45.4288, -22.44327], [-47.20287, -22.18532], [-47.59278, -23.77055]]]}"
6090,3523107,2010-08-24 00:00:00,LT52190762010236CUB00,LT05_L2SP_219076_20100824_20200823_02_T1,0,"{'type': 'Polygon', 'coordinates': [[[-47.59278, -24.03146], [-47.59278, -22.18532], [-45.4288, -22.18532], [-45.4288, -24.03146], [-47.59278, -24.03146]]]}","{'type': 'Polygon', 'coordinates': [[[-47.59278, -23.77055], [-45.79837, -24.03146], [-45.4288, -22.44327], [-47.20287, -22.18532], [-47.59278, -23.77055]]]}"
6320,3529401,2010-08-24 00:00:00,LT52190762010236CUB00,LT05_L2SP_219076_20100824_20200823_02_T1,0,"{'type': 'Polygon', 'coordinates': [[[-47.59278, -24.03146], [-47.59278, -22.18532], [-45.4288, -22.18532], [-45.4288, -24.03146], [-47.59278, -24.03146]]]}","{'type': 'Polygon', 'coordinates': [[[-47.59278, -23.77055], [-45.79837, -24.03146], [-45.4288, -22.44327], [-47.20287, -22.18532], [-47.59278, -23.77055]]]}"
6337,3534401,2010-08-24 00:00:00,LT52190762010236CUB00,LT05_L2SP_219076_20100824_20200823_02_T1,0,"{'type': 'Polygon', 'coordinates': [[[-47.59278, -24.03146], [-47.59278, -22.18532], [-45.4288, -22.18532], [-45.4288, -24.03146], [-47.59278, -24.03146]]]}","{'type': 'Polygon', 'coordinates': [[[-47.59278, -23.77055], [-45.79837, -24.03146], [-45.4288, -22.44327], [-47.20287, -22.18532], [-47.59278, -23.77055]]]}"
6860,3552809,2010-08-24 00:00:00,LT52190762010236CUB00,LT05_L2SP_219076_20100824_20200823_02_T1,0,"{'type': 'Polygon', 'coordinates': [[[-47.59278, -24.03146], [-47.59278, -22.18532], [-45.4288, -22.18532], [-45.4288, -24.03146], [-47.59278, -24.03146]]]}","{'type': 'Polygon', 'coordinates': [[[-47.59278, -23.77055], [-45.79837, -24.03146], [-45.4288, -22.44327], [-47.20287, -22.18532], [-47.59278, -23.77055]]]}"
6944,3556503,2010-08-24 00:00:00,LT52190762010236CUB00,LT05_L2SP_219076_20100824_20200823_02_T1,0,"{'type': 'Polygon', 'coordinates': [[[-47.59278, -24.03146], [-47.59278, -22.18532], [-45.4288, -22.18532], [-45.4288, -24.03146], [-47.59278, -24.03146]]]}","{'type': 'Polygon', 'coordinates': [[[-47.59278, -23.77055], [-45.79837, -24.03146], [-45.4288, -22.44327], [-47.20287, -22.18532], [-47.59278, -23.77055]]]}"
128,1200203,2010-09-30 00:00:00,LT50050652010273CUB00,LT05_L2SP_005065_20100930_20200823_02_T1,0,"{'type': 'Polygon', 'coordinates': [[[-73.33254, -8.14197], [-73.33254, -6.30973], [-71.33271, -6.30973], [-71.33271, -8.14197], [-73.33254, -8.14197]]]}","{'type': 'Polygon', 'coordinates': [[[-73.33254, -7.90049], [-71.67194, -8.14197], [-71.33271, -6.5504], [-72.98767, -6.30973], [-73.33254, -7.90049]]]}"
193,1200401,2010-09-09 00:00:00,LT50020672010252COA01,LT05_L2SP_002067_20100909_20200823_02_T1,0,"{'type': 'Polygon', 'coordinates': [[[-69.31278, -11.0243], [-69.31278, -9.1907], [-67.29698, -9.1907], [-67.29698, -11.0243], [-69.31278, -11.0243]]]}","{'type': 'Polygon', 'coordinates': [[[-69.31278, -10.78085], [-67.6386, -11.0243], [-67.29698, -9.433], [-68.96318, -9.1907], [-69.31278, -10.78085]]]}"
386,1300508,2010-08-14 00:00:00,LT52290622010226CUB01,LT05_L2SP_229062_20100814_20200823_02_T1,0,"{'type': 'Polygon', 'coordinates': [[[-58.46063, -3.81751], [-58.46063, -1.98643], [-56.47463, -1.98643], [-56.47463, -3.81751], [-58.46063, -3.81751]]]}","{'type': 'Polygon', 'coordinates': [[[-58.46063, -3.57783], [-56.81249, -3.81751], [-56.47463, -2.22579], [-58.12053, -1.98643], [-58.46063, -3.57783]]]}"
557,1300706,2010-08-24 00:00:00,LT50020662010236CUB00,LT05_L2SP_002066_20100824_20200824_02_T1,0,"{'type': 'Polygon', 'coordinates': [[[-68.9851, -9.5974], [-68.9851, -7.76453], [-66.9779, -7.76453], [-66.9779, -9.5974], [-68.9851, -9.5974]]]}","{'type': 'Polygon', 'coordinates': [[[-68.9851, -9.355], [-67.31819, -9.5974], [-66.9779, -8.00594], [-68.638, -7.76453], [-68.9851, -9.355]]]}"
832,1301407,2010-09-16 00:00:00,LT50030652010259CUB00,LT05_L2SP_003065_20100916_20200823_02_T1,0,"{'type': 'Polygon', 'coordinates': [[[-70.23595, -8.1481], [-70.23595, -6.31586], [-68.2361, -6.31586], [-68.2361, -8.1481], [-70.23595, -8.1481]]]}","{'type': 'Polygon', 'coordinates': [[[-70.23595, -7.90662], [-68.57533, -8.1481], [-68.2361, -6.55653], [-69.89107, -6.31586], [-70.23595, -7.90662]]]}"
878,1301506,2010-09-16 00:00:00,LT50030652010259CUB00,LT05_L2SP_003065_20100916_20200823_02_T1,0,"{'type': 'Polygon', 'coordinates': [[[-70.23595, -8.1481], [-70.23595, -6.31586], [-68.2361, -6.31586], [-68.2361, -8.1481], [-70.23595, -8.1481]]]}","{'type': 'Polygon', 'coordinates': [[[-70.23595, -7.90662], [-68.57533, -8.1481], [-68.2361, -6.55653], [-69.89107, -6.31586], [-70.23595, -7.90662]]]}"
899,1301654,2010-09-30 00:00:00,LT50050652010273CUB00,LT05_L2SP_005065_20100930_20200823_02_T1,0,"{'type': 'Polygon', 'coordinates': [[[-73.33254, -8.14197], [-73.33254, -6.30973], [-71.33271, -6.30973], [-71.33271, -8.14197], [-73.33254, -8.14197]]]}","{'type': 'Polygon', 'coordinates': [[[-73.33254, -7.90049], [-71.67194, -8.14197], [-71.33271, -6.5504], [-72.98767, -6.30973], [-73.33254, -7.90049]]]}"
924,1301803,2010-09-30 00:00:00,LT50050652010273CUB00,LT05_L2SP_005065_20100930_20200823_02_T1,0,"{'type': 'Polygon', 'coordinates': [[[-73.33254, -8.14197], [-73.33254, -6.30973], [-71.33271, -6.30973], [-71.33271, -8.14197], [-73.33254, -8.14197]]]}","{'type': 'Polygon', 'coordinates': [[[-73.33254, -7.90049], [-71.67194, -8.14197], [-71.33271, -6.5504], [-72.98767, -6.30973], [-73.33254, -7.90049]]]}"
1080,1302405,2010-09-27 00:00:00,LT52330652010270CUB00,LT05_L2SP_233065_20100927_20200823_02_T1,0,"{'type': 'Polygon', 'coordinates': [[[-65.60639, -8.14641], [-65.60639, -6.31417], [-63.60654, -6.31417], [-63.60654, -8.14641], [-65.60639, -8.14641]]]}","{'type': 'Polygon', 'coordinates': [[[-65.60639, -7.90493], [-63.94577, -8.14641], [-63.60654, -6.55484], [-65.26151, -6.31417], [-65.60639, -7.90493]]]}"
1261,1303403,2010-08-14 00:00:00,LT52290622010226CUB01,LT05_L2SP_229062_20100814_20200823_02_T1,0,"{'type': 'Polygon', 'coordinates': [[[-58.46063, -3.81751], [-58.46063, -1.98643], [-56.47463, -1.98643], [-56.47463, -3.81751], [-58.46063, -3.81751]]]}","{'type': 'Polygon', 'coordinates': [[[-58.46063, -3.57783], [-56.81249, -3.81751], [-56.47463, -2.22579], [-58.12053, -1.98643], [-58.46063, -3.57783]]]}"
2089,1702109,2010-09-14 00:00:00,LT52220652010257CUB00,LT05_L2SP_222065_20100914_20200823_02_T1,0,"{'type': 'Polygon', 'coordinates': [[[-48.6022, -8.14216], [-48.6022, -6.30992], [-46.60237, -6.30992], [-46.60237, -8.14216], [-48.6022, -8.14216]]]}","{'type': 'Polygon', 'coordinates': [[[-48.6022, -7.90068], [-46.9416, -8.14216], [-46.60237, -6.55059], [-48.25733, -6.30992], [-48.6022, -7.90068]]]}"
3447,3101508,2010-08-26 00:00:00,LT52170752010238CUB00,LT05_L2SP_217075_20100826_20200823_02_T1,0,"{'type': 'Polygon', 'coordinates': [[[-44.14845, -22.58338], [-44.14845, -20.73922], [-42.00792, -20.73922], [-42.00792, -22.58338], [-44.14845, -22.58338]]]}","{'type': 'Polygon', 'coordinates': [[[-44.14845, -22.3252], [-42.37276, -22.58338], [-42.00792, -20.99468], [-43.76486, -20.73922], [-44.14845, -22.3252]]]}"
3522,3106705,2010-09-18 00:00:00,LT52180742010261CUB00,LT05_L2SP_218074_20100918_20200823_02_T1,0,"{'type': 'Polygon', 'coordinates': [[[-45.36855, -21.14803], [-45.36855, -19.30568], [-43.24936, -19.30568], [-43.24936, -21.14803], [-45.36855, -21.14803]]]}","{'type': 'Polygon', 'coordinates': [[[-45.36855, -20.89233], [-43.60997, -21.14803], [-43.24936, -19.55887], [-44.9907, -19.30568], [-45.36855, -20.89233]]]}"
3542,3107802,2010-08-26 00:00:00,LT52170742010238CUB00,LT05_L2SP_217074_20100826_20200823_02_T1,0,"{'type': 'Polygon', 'coordinates': [[[-43.80201, -21.14653], [-43.80201, -19.30418], [-41.68284, -19.30418], [-41.68284, -21.14653], [-43.80201, -21.14653]]]}","{'type': 'Polygon', 'coordinates': [[[-43.80201, -20.89083], [-42.04345, -21.14653], [-41.68284, -19.55736], [-43.42417, -19.30418], [-43.80201, -20.89083]]]}"
3603,3111200,2010-09-02 00:00:00,LT52180752010245CUB00,LT05_L2SP_218075_20100902_20200823_02_T1,0,"{'type': 'Polygon', 'coordinates': [[[-45.70264, -22.58821], [-45.70264, -20.74405], [-43.56204, -20.74405], [-43.56204, -22.58821], [-45.70264, -22.58821]]]}","{'type': 'Polygon', 'coordinates': [[[-45.70264, -22.33002], [-43.92689, -22.58821], [-43.56204, -20.99951], [-45.31903, -20.74405], [-45.70264, -22.33002]]]}"
3652,3113404,2010-08-26 00:00:00,LT52170742010238CUB00,LT05_L2SP_217074_20100826_20200823_02_T1,0,"{'type': 'Polygon', 'coordinates': [[[-43.80201, -21.14653], [-43.80201, -19.30418], [-41.68284, -19.30418], [-41.68284, -21.14653], [-43.80201, -21.14653]]]}","{'type': 'Polygon', 'coordinates': [[[-43.80201, -20.89083], [-42.04345, -21.14653], [-41.68284, -19.55736], [-43.42417, -19.30418], [-43.80201, -20.89083]]]}"
3687,3119401,2010-08-26 00:00:00,LT52170742010238CUB00,LT05_L2SP_217074_20100826_20200823_02_T1,0,"{'type': 'Polygon', 'coordinates': [[[-43.80201, -21.14653], [-43.80201, -19.30418], [-41.68284, -19.30418], [-41.68284, -21.14653], [-43.80201, -21.14653]]]}","{'type': 'Polygon', 'coordinates': [[[-43.80201, -20.89083], [-42.04345, -21.14653], [-41.68284, -19.55736], [-43.42417, -19.30418], [-43.80201, -20.89083]]]}"
3707,3124104,2010-09-18 00:00:00,LT52180742010261CUB00,LT05_L2SP_218074_20100918_20200823_02_T1,0,"{'type': 'Polygon', 'coordinates': [[[-45.36855, -21.14803], [-45.36855, -19.30568], [-43.24936, -19.30568], [-43.24936, -21.14803], [-45.36855, -21.14803]]]}","{'type': 'Polygon', 'coordinates': [[[-45.36855, -20.89233], [-43.60997, -21.14803], [-43.24936, -19.55887], [-44.9907, -19.30568], [-45.36855, -20.89233]]]}"
3745,3129806,2010-09-18 00:00:00,LT52180742010261CUB00,LT05_L2SP_218074_20100918_20200823_02_T1,0,"{'type': 'Polygon', 'coordinates': [[[-45.36855, -21.14803], [-45.36855, -19.30568], [-43.24936, -19.30568], [-43.24936, -21.14803], [-45.36855, -21.14803]]]}","{'type': 'Polygon', 'coordinates': [[[-45.36855, -20.89233], [-43.60997, -21.14803], [-43.24936, -19.55887], [-44.9907, -19.30568], [-45.36855, -20.89233]]]}"
3814,3131703,2010-08-26 00:00:00,LT52170742010238CUB00,LT05_L2SP_217074_20100826_20200823_02_T1,0,"{'type': 'Polygon', 'coordinates': [[[-43.80201, -21.14653], [-43.80201, -19.30418], [-41.68284, -19.30418], [-41.68284, -21.14653], [-43.80201, -21.14653]]]}","{'type': 'Polygon', 'coordinates': [[[-43.80201, -20.89083], [-42.04345, -21.14653], [-41.68284, -19.55736], [-43.42417, -19.30418], [-43.80201, -20.89083]]]}"
3912,3135209,2010-09-25 00:00:00,LT52190712010268CUB00,LT05_L2SP_219071_20100925_20200823_02_T1,0,"{'type': 'Polygon', 'coordinates': [[[-45.90124, -16.80919], [-45.90124, -14.97141], [-43.83595, -14.97141], [-43.83595, -16.80919], [-45.90124, -16.80919]]]}","{'type': 'Polygon', 'coordinates': [[[-45.90124, -16.55983], [-44.18624, -16.80919], [-43.83595, -15.21888], [-45.53793, -14.97141], [-45.90124, -16.55983]]]}"
3944,3136702,2010-08-26 00:00:00,LT52170752010238CUB00,LT05_L2SP_217075_20100826_20200823_02_T1,0,"{'type': 'Polygon', 'coordinates': [[[-44.14845, -22.58338], [-44.14845, -20.73922], [-42.00792, -20.73922], [-42.00792, -22.58338], [-44.14845, -22.58338]]]}","{'type': 'Polygon', 'coordinates': [[[-44.14845, -22.3252], [-42.37276, -22.58338], [-42.00792, -20.99468], [-43.76486, -20.73922], [-44.14845, -22.3252]]]}"
3969,3139409,2010-08-26 00:00:00,LT52170742010238CUB00,LT05_L2SP_217074_20100826_20200823_02_T1,0,"{'type': 'Polygon', 'coordinates': [[[-43.80201, -21.14653], [-43.80201, -19.30418], [-41.68284, -19.30418], [-41.68284, -21.14653], [-43.80201, -21.14653]]]}","{'type': 'Polygon', 'coordinates': [[[-43.80201, -20.89083], [-42.04345, -21.14653], [-41.68284, -19.55736], [-43.42417, -19.30418], [-43.80201, -20.89083]]]}"
3992,3139508,2010-08-26 00:00:00,LT52170742010238CUB00,LT05_L2SP_217074_20100826_20200823_02_T1,0,"{'type': 'Polygon', 'coordinates': [[[-43.80201, -21.14653], [-43.80201, -19.30418], [-41.68284, -19.30418], [-41.68284, -21.14653], [-43.80201, -21.14653]]]}","{'type': 'Polygon', 'coordinates': [[[-43.80201, -20.89083], [-42.04345, -21.14653], [-41.68284, -19.55736], [-43.42417, -19.30418], [-43.80201, -20.89083]]]}"
4065,3143302,2010-09-18 00:00:00,LT52180722010261CUB00,LT05_L2SP_218072_20100918_20200823_02_T1,0,"{'type': 'Polygon', 'coordinates': [[[-44.68905, -18.26487], [-44.68905, -16.4257], [-42.60738, -16.4257], [-42.60738, -18.26487], [-44.68905, -18.26487]]]}","{'type': 'Polygon', 'coordinates': [[[-44.68905, -18.01357], [-42.96074, -18.26487], [-42.60738, -16.6749], [-44.3213, -16.4257], [-44.68905, -18.01357]]]}"
4091,3147105,2010-09-18 00:00:00,LT52180742010261CUB00,LT05_L2SP_218074_20100918_20200823_02_T1,0,"{'type': 'Polygon', 'coordinates': [[[-45.36855, -21.14803], [-45.36855, -19.30568], [-43.24936, -19.30568], [-43.24936, -21.14803], [-45.36855, -21.14803]]]}","{'type': 'Polygon', 'coordinates': [[[-45.36855, -20.89233], [-43.60997, -21.14803], [-43.24936, -19.55887], [-44.9907, -19.30568], [-45.36855, -20.89233]]]}"
4158,3147907,2010-08-24 00:00:00,LT52190742010236CUB00,LT05_L2SP_219074_20100824_20200823_02_T1,0,"{'type': 'Polygon', 'coordinates': [[[-46.89205, -21.14987], [-46.89205, -19.30752], [-44.77284, -19.30752], [-44.77284, -21.14987], [-46.89205, -21.14987]]]}","{'type': 'Polygon', 'coordinates': [[[-46.89205, -20.89417], [-45.13345, -21.14987], [-44.77284, -19.56071], [-46.5142, -19.30752], [-46.89205, -20.89417]]]}"
4195,3154606,2010-09-18 00:00:00,LT52180742010261CUB00,LT05_L2SP_218074_20100918_20200823_02_T1,0,"{'type': 'Polygon', 'coordinates': [[[-45.36855, -21.14803], [-45.36855, -19.30568], [-43.24936, -19.30568], [-43.24936, -21.14803], [-45.36855, -21.14803]]]}","{'type': 'Polygon', 'coordinates': [[[-45.36855, -20.89233], [-43.60997, -21.14803], [-43.24936, -19.55887], [-44.9907, -19.30568], [-45.36855, -20.89233]]]}"
4213,3156700,2010-09-18 00:00:00,LT52180742010261CUB00,LT05_L2SP_218074_20100918_20200823_02_T1,0,"{'type': 'Polygon', 'coordinates': [[[-45.36855, -21.14803], [-45.36855, -19.30568], [-43.24936, -19.30568], [-43.24936, -21.14803], [-45.36855, -21.14803]]]}","{'type': 'Polygon', 'coordinates': [[[-45.36855, -20.89233], [-43.60997, -21.14803], [-43.24936, -19.55887], [-44.9907, -19.30568], [-45.36855, -20.89233]]]}"
4246,3157807,2010-09-18 00:00:00,LT52180742010261CUB00,LT05_L2SP_218074_20100918_20200823_02_T1,0,"{'type': 'Polygon', 'coordinates': [[[-45.36855, -21.14803], [-45.36855, -19.30568], [-43.24936, -19.30568], [-43.24936, -21.14803], [-45.36855, -21.14803]]]}","{'type': 'Polygon', 'coordinates': [[[-45.36855, -20.89233], [-43.60997, -21.14803], [-43.24936, -19.55887], [-44.9907, -19.30568], [-45.36855, -20.89233]]]}"
4267,3162955,2010-09-18 00:00:00,LT52180742010261CUB00,LT05_L2SP_218074_20100918_20200823_02_T1,0,"{'type': 'Polygon', 'coordinates': [[[-45.36855, -21.14803], [-45.36855, -19.30568], [-43.24936, -19.30568], [-43.24936, -21.14803], [-45.36855, -21.14803]]]}","{'type': 'Polygon', 'coordinates': [[[-45.36855, -20.89233], [-43.60997, -21.14803], [-43.24936, -19.55887], [-44.9907, -19.30568], [-45.36855, -20.89233]]]}"
4287,3168705,2010-08-26 00:00:00,LT52170742010238CUB00,LT05_L2SP_217074_20100826_20200823_02_T1,0,"{'type': 'Polygon', 'coordinates': [[[-43.80201, -21.14653], [-43.80201, -19.30418], [-41.68284, -19.30418], [-41.68284, -21.14653], [-43.80201, -21.14653]]]}","{'type': 'Polygon', 'coordinates': [[[-43.80201, -20.89083], [-42.04345, -21.14653], [-41.68284, -19.55736], [-43.42417, -19.30418], [-43.80201, -20.89083]]]}"
4676,3300209,2010-09-04 00:00:00,LT52160762010247CUB00,LT05_L2SP_216076_20100904_20200823_02_T1,0,"{'type': 'Polygon', 'coordinates': [[[-42.96881, -24.03136], [-42.96881, -22.18522], [-40.80483, -22.18522], [-40.80483, -24.03136], [-42.96881, -24.03136]]]}","{'type': 'Polygon', 'coordinates': [[[-42.96881, -23.77045], [-41.1744, -24.03136], [-40.80483, -22.44317], [-42.5789, -22.18522], [-42.96881, -23.77045]]]}"
4689,3300233,2010-09-04 00:00:00,LT52160762010247CUB00,LT05_L2SP_216076_20100904_20200823_02_T1,0,"{'type': 'Polygon', 'coordinates': [[[-42.96881, -24.03136], [-42.96881, -22.18522], [-40.80483, -22.18522], [-40.80483, -24.03136], [-42.96881, -24.03136]]]}","{'type': 'Polygon', 'coordinates': [[[-42.96881, -23.77045], [-41.1744, -24.03136], [-40.80483, -22.44317], [-42.5789, -22.18522], [-42.96881, -23.77045]]]}"
4700,3300258,2010-09-04 00:00:00,LT52160762010247CUB00,LT05_L2SP_216076_20100904_20200823_02_T1,0,"{'type': 'Polygon', 'coordinates': [[[-42.96881, -24.03136], [-42.96881, -22.18522], [-40.80483, -22.18522], [-40.80483, -24.03136], [-42.96881, -24.03136]]]}","{'type': 'Polygon', 'coordinates': [[[-42.96881, -23.77045], [-41.1744, -24.03136], [-40.80483, -22.44317], [-42.5789, -22.18522], [-42.96881, -23.77045]]]}"
4861,3301009,2010-09-04 00:00:00,LT52160752010247CUB00,LT05_L2SP_216075_20100904_20200823_02_T1,0,"{'type': 'Polygon', 'coordinates': [[[-42.61461, -22.58671], [-42.61461, -20.74255], [-40.47403, -20.74255], [-40.47403, -22.58671], [-42.61461, -22.58671]]]}","{'type': 'Polygon', 'coordinates': [[[-42.61461, -22.32852], [-40.83888, -22.58671], [-40.47403, -20.99801], [-42.23101, -20.74255], [-42.61461, -22.32852]]]}"
4888,3301306,2010-09-04 00:00:00,LT52160762010247CUB00,LT05_L2SP_216076_20100904_20200823_02_T1,0,"{'type': 'Polygon', 'coordinates': [[[-42.96881, -24.03136], [-42.96881, -22.18522], [-40.80483, -22.18522], [-40.80483, -24.03136], [-42.96881, -24.03136]]]}","{'type': 'Polygon', 'coordinates': [[[-42.96881, -23.77045], [-41.1744, -24.03136], [-40.80483, -22.44317], [-42.5789, -22.18522], [-42.96881, -23.77045]]]}"
4955,3302403,2010-09-04 00:00:00,LT52160752010247CUB00,LT05_L2SP_216075_20100904_20200823_02_T1,0,"{'type': 'Polygon', 'coordinates': [[[-42.61461, -22.58671], [-42.61461, -20.74255], [-40.47403, -20.74255], [-40.47403, -22.58671], [-42.61461, -22.58671]]]}","{'type': 'Polygon', 'coordinates': [[[-42.61461, -22.32852], [-40.83888, -22.58671], [-40.47403, -20.99801], [-42.23101, -20.74255], [-42.61461, -22.32852]]]}"
5108,3303401,2010-09-04 00:00:00,LT52160752010247CUB00,LT05_L2SP_216075_20100904_20200823_02_T1,0,"{'type': 'Polygon', 'coordinates': [[[-42.61461, -22.58671], [-42.61461, -20.74255], [-40.47403, -20.74255], [-40.47403, -22.58671], [-42.61461, -22.58671]]]}","{'type': 'Polygon', 'coordinates': [[[-42.61461, -22.32852], [-40.83888, -22.58671], [-40.47403, -20.99801], [-42.23101, -20.74255], [-42.61461, -22.32852]]]}"
5173,3303955,2010-09-02 00:00:00,LT52180752010245CUB00,LT05_L2SP_218075_20100902_20200823_02_T1,0,"{'type': 'Polygon', 'coordinates': [[[-45.70264, -22.58821], [-45.70264, -20.74405], [-43.56204, -20.74405], [-43.56204, -22.58821], [-45.70264, -22.58821]]]}","{'type': 'Polygon', 'coordinates': [[[-45.70264, -22.33002], [-43.92689, -22.58821], [-43.56204, -20.99951], [-45.31903, -20.74405], [-45.70264, -22.33002]]]}"
5241,3304300,2010-09-04 00:00:00,LT52160762010247CUB00,LT05_L2SP_216076_20100904_20200823_02_T1,0,"{'type': 'Polygon', 'coordinates': [[[-42.96881, -24.03136], [-42.96881, -22.18522], [-40.80483, -22.18522], [-40.80483, -24.03136], [-42.96881, -24.03136]]]}","{'type': 'Polygon', 'coordinates': [[[-42.96881, -23.77045], [-41.1744, -24.03136], [-40.80483, -22.44317], [-42.5789, -22.18522], [-42.96881, -23.77045]]]}"
5266,3304524,2010-09-04 00:00:00,LT52160762010247CUB00,LT05_L2SP_216076_20100904_20200823_02_T1,0,"{'type': 'Polygon', 'coordinates': [[[-42.96881, -24.03136], [-42.96881, -22.18522], [-40.80483, -22.18522], [-40.80483, -24.03136], [-42.96881, -24.03136]]]}","{'type': 'Polygon', 'coordinates': [[[-42.96881, -23.77045], [-41.1744, -24.03136], [-40.80483, -22.44317], [-42.5789, -22.18522], [-42.96881, -23.77045]]]}"
5298,3305208,2010-09-04 00:00:00,LT52160762010247CUB00,LT05_L2SP_216076_20100904_20200823_02_T1,0,"{'type': 'Polygon', 'coordinates': [[[-42.96881, -24.03136], [-42.96881, -22.18522], [-40.80483, -22.18522], [-40.80483, -24.03136], [-42.96881, -24.03136]]]}","{'type': 'Polygon', 'coordinates': [[[-42.96881, -23.77045], [-41.1744, -24.03136], [-40.80483, -22.44317], [-42.5789, -22.18522], [-42.96881, -23.77045]]]}"
5330,3305604,2010-09-04 00:00:00,LT52160762010247CUB00,LT05_L2SP_216076_20100904_20200823_02_T1,0,"{'type': 'Polygon', 'coordinates': [[[-42.96881, -24.03136], [-42.96881, -22.18522], [-40.80483, -22.18522], [-40.80483, -24.03136], [-42.96881, -24.03136]]]}","{'type': 'Polygon', 'coordinates': [[[-42.96881, -23.77045], [-41.1744, -24.03136], [-40.80483, -22.44317], [-42.5789, -22.18522], [-42.96881, -23.77045]]]}"
5365,3305802,2010-08-26 00:00:00,LT52170752010238CUB00,LT05_L2SP_217075_20100826_20200823_02_T1,0,"{'type': 'Polygon', 'coordinates': [[[-44.14845, -22.58338], [-44.14845, -20.73922], [-42.00792, -20.73922], [-42.00792, -22.58338], [-44.14845, -22.58338]]]}","{'type': 'Polygon', 'coordinates': [[[-44.14845, -22.3252], [-42.37276, -22.58338], [-42.00792, -20.99468], [-43.76486, -20.73922], [-44.14845, -22.3252]]]}"
5396,3306107,2010-08-26 00:00:00,LT52170752010238CUB00,LT05_L2SP_217075_20100826_20200823_02_T1,0,"{'type': 'Polygon', 'coordinates': [[[-44.14845, -22.58338], [-44.14845, -20.73922], [-42.00792, -20.73922], [-42.00792, -22.58338], [-44.14845, -22.58338]]]}","{'type': 'Polygon', 'coordinates': [[[-44.14845, -22.3252], [-42.37276, -22.58338], [-42.00792, -20.99468], [-43.76486, -20.73922], [-44.14845, -22.3252]]]}"
5431,3306305,2010-09-02 00:00:00,LT52180752010245CUB00,LT05_L2SP_218075_20100902_20200823_02_T1,0,"{'type': 'Polygon', 'coordinates': [[[-45.70264, -22.58821], [-45.70264, -20.74405], [-43.56204, -20.74405], [-43.56204, -22.58821], [-45.70264, -22.58821]]]}","{'type': 'Polygon', 'coordinates': [[[-45.70264, -22.33002], [-43.92689, -22.58821], [-43.56204, -20.99951], [-45.31903, -20.74405], [-45.70264, -22.33002]]]}"
5454,3504107,2010-08-24 00:00:00,LT52190762010236CUB00,LT05_L2SP_219076_20100824_20200823_02_T1,0,"{'type': 'Polygon', 'coordinates': [[[-47.59278, -24.03146], [-47.59278, -22.18532], [-45.4288, -22.18532], [-45.4288, -24.03146], [-47.59278, -24.03146]]]}","{'type': 'Polygon', 'coordinates': [[[-47.59278, -23.77055], [-45.79837, -24.03146], [-45.4288, -22.44327], [-47.20287, -22.18532], [-47.59278, -23.77055]]]}"
5471,3505708,2010-08-24 00:00:00,LT52190762010236CUB00,LT05_L2SP_219076_20100824_20200823_02_T1,0,"{'type': 'Polygon', 'coordinates': [[[-47.59278, -24.03146], [-47.59278, -22.18532], [-45.4288, -22.18532], [-45.4288, -24.03146], [-47.59278, -24.03146]]]}","{'type': 'Polygon', 'coordinates': [[[-47.59278, -23.77055], [-45.79837, -24.03146], [-45.4288, -22.44327], [-47.20287, -22.18532], [-47.59278, -23.77055]]]}"
5501,3506003,2010-10-09 00:00:00,LT52210752010282COA00,LT05_L2SP_221075_20101009_20200823_02_T1,0,"{'type': 'Polygon', 'coordinates': [[[-50.35831, -22.58292], [-50.35831, -20.73877], [-48.21779, -20.73877], [-48.21779, -22.58292], [-50.35831, -22.58292]]]}","{'type': 'Polygon', 'coordinates': [[[-50.35831, -22.32474], [-48.58263, -22.58292], [-48.21779, -20.99422], [-49.97472, -20.73877], [-50.35831, -22.32474]]]}"
5560,3506359,2010-08-24 00:00:00,LT52190762010236CUB00,LT05_L2SP_219076_20100824_20200823_02_T1,0,"{'type': 'Polygon', 'coordinates': [[[-47.59278, -24.03146], [-47.59278, -22.18532], [-45.4288, -22.18532], [-45.4288, -24.03146], [-47.59278, -24.03146]]]}","{'type': 'Polygon', 'coordinates': [[[-47.59278, -23.77055], [-45.79837, -24.03146], [-45.4288, -22.44327], [-47.20287, -22.18532], [-47.59278, -23.77055]]]}"
5594,3508504,2010-08-24 00:00:00,LT52190762010236CUB00,LT05_L2SP_219076_20100824_20200823_02_T1,0,"{'type': 'Polygon', 'coordinates': [[[-47.59278, -24.03146], [-47.59278, -22.18532], [-45.4288, -22.18532], [-45.4288, -24.03146], [-47.59278, -24.03146]]]}","{'type': 'Polygon', 'coordinates': [[[-47.59278, -23.77055], [-45.79837, -24.03146], [-45.4288, -22.44327], [-47.20287, -22.18532], [-47.59278, -23.77055]]]}"
5613,3509007,2010-08-24 00:00:00,LT52190762010236CUB00,LT05_L2SP_219076_20100824_20200823_02_T1,0,"{'type': 'Polygon', 'coordinates': [[[-47.59278, -24.03146], [-47.59278, -22.18532], [-45.4288, -22.18532], [-45.4288, -24.03146], [-47.59278, -24.03146]]]}","{'type': 'Polygon', 'coordinates': [[[-47.59278, -23.77055], [-45.79837, -24.03146], [-45.4288, -22.44327], [-47.20287, -22.18532], [-47.59278, -23.77055]]]}"
5630,3509205,2010-08-24 00:00:00,LT52190762010236CUB00,LT05_L2SP_219076_20100824_20200823_02_T1,0,"{'type': 'Polygon', 'coordinates': [[[-47.59278, -24.03146], [-47.59278, -22.18532], [-45.4288, -22.18532], [-45.4288, -24.03146], [-47.59278, -24.03146]]]}","{'type': 'Polygon', 'coordinates': [[[-47.59278, -23.77055], [-45.79837, -24.03146], [-45.4288, -22.44327], [-47.20287, -22.18532], [-47.59278, -23.77055]]]}"
5663,3509502,2010-08-24 00:00:00,LT52190762010236CUB00,LT05_L2SP_219076_20100824_20200823_02_T1,0,"{'type': 'Polygon', 'coordinates': [[[-47.59278, -24.03146], [-47.59278, -22.18532], [-45.4288, -22.18532], [-45.4288, -24.03146], [-47.59278, -24.03146]]]}","{'type': 'Polygon', 'coordinates': [[[-47.59278, -23.77055], [-45.79837, -24.03146], [-45.4288, -22.44327], [-47.20287, -22.18532], [-47.59278, -23.77055]]]}"
5691,3510401,2010-11-19 00:00:00,LT52200762010323CUB00,LT05_L2SP_220076_20101119_20200823_02_T1,0,"{'type': 'Polygon', 'coordinates': [[[-49.15754, -24.03346], [-49.15754, -22.18732], [-46.99353, -22.18732], [-46.99353, -24.03346], [-49.15754, -24.03346]]]}","{'type': 'Polygon', 'coordinates': [[[-49.15754, -23.77255], [-47.36311, -24.03346], [-46.99353, -22.44527], [-48.76763, -22.18732], [-49.15754, -23.77255]]]}"
5754,3512803,2010-11-19 00:00:00,LT52200762010323CUB00,LT05_L2SP_220076_20101119_20200823_02_T1,0,"{'type': 'Polygon', 'coordinates': [[[-49.15754, -24.03346], [-49.15754, -22.18732], [-46.99353, -22.18732], [-46.99353, -24.03346], [-49.15754, -24.03346]]]}","{'type': 'Polygon', 'coordinates': [[[-49.15754, -23.77255], [-47.36311, -24.03346], [-46.99353, -22.44527], [-48.76763, -22.18732], [-49.15754, -23.77255]]]}"
5795,3513009,2010-08-24 00:00:00,LT52190762010236CUB00,LT05_L2SP_219076_20100824_20200823_02_T1,0,"{'type': 'Polygon', 'coordinates': [[[-47.59278, -24.03146], [-47.59278, -22.18532], [-45.4288, -22.18532], [-45.4288, -24.03146], [-47.59278, -24.03146]]]}","{'type': 'Polygon', 'coordinates': [[[-47.59278, -23.77055], [-45.79837, -24.03146], [-45.4288, -22.44327], [-47.20287, -22.18532], [-47.59278, -23.77055]]]}"
5860,3515004,2010-08-24 00:00:00,LT52190762010236CUB00,LT05_L2SP_219076_20100824_20200823_02_T1,0,"{'type': 'Polygon', 'coordinates': [[[-47.59278, -24.03146], [-47.59278, -22.18532], [-45.4288, -22.18532], [-45.4288, -24.03146], [-47.59278, -24.03146]]]}","{'type': 'Polygon', 'coordinates': [[[-47.59278, -23.77055], [-45.79837, -24.03146], [-45.4288, -22.44327], [-47.20287, -22.18532], [-47.59278, -23.77055]]]}"
5877,3515707,2010-08-24 00:00:00,LT52190762010236CUB00,LT05_L2SP_219076_20100824_20200823_02_T1,0,"{'type': 'Polygon', 'coordinates': [[[-47.59278, -24.03146], [-47.59278, -22.18532], [-45.4288, -22.18532], [-45.4288, -24.03146], [-47.59278, -24.03146]]]}","{'type': 'Polygon', 'coordinates': [[[-47.59278, -23.77055], [-45.79837, -24.03146], [-45.4288, -22.44327], [-47.20287, -22.18532], [-47.59278, -23.77055]]]}"
5894,3516309,2010-08-24 00:00:00,LT52190762010236CUB00,LT05_L2SP_219076_20100824_20200823_02_T1,0,"{'type': 'Polygon', 'coordinates': [[[-47.59278, -24.03146], [-47.59278, -22.18532], [-45.4288, -22.18532], [-45.4288, -24.03146], [-47.59278, -24.03146]]]}","{'type': 'Polygon', 'coordinates': [[[-47.59278, -23.77055], [-45.79837, -24.03146], [-45.4288, -22.44327], [-47.20287, -22.18532], [-47.59278, -23.77055]]]}"
5911,3516408,2010-08-24 00:00:00,LT52190762010236CUB00,LT05_L2SP_219076_20100824_20200823_02_T1,0,"{'type': 'Polygon', 'coordinates': [[[-47.59278, -24.03146], [-47.59278, -22.18532], [-45.4288, -22.18532], [-45.4288, -24.03146], [-47.59278, -24.03146]]]}","{'type': 'Polygon', 'coordinates': [[[-47.59278, -23.77055], [-45.79837, -24.03146], [-45.4288, -22.44327], [-47.20287, -22.18532], [-47.59278, -23.77055]]]}"
5987,3519071,2010-11-19 00:00:00,LT52200762010323CUB00,LT05_L2SP_220076_20101119_20200823_02_T1,0,"{'type': 'Polygon', 'coordinates': [[[-49.15754, -24.03346], [-49.15754, -22.18732], [-46.99353, -22.18732], [-46.99353, -24.03346], [-49.15754, -24.03346]]]}","{'type': 'Polygon', 'coordinates': [[[-49.15754, -23.77255], [-47.36311, -24.03346], [-46.99353, -22.44527], [-48.76763, -22.18732], [-49.15754, -23.77255]]]}"
6025,3519501,2010-08-22 00:00:00,LT52210762010234CUB00,LT05_L2SP_221076_20100822_20200824_02_T1,0,"{'type': 'Polygon', 'coordinates': [[[-50.683, -24.03569], [-50.683, -22.18954], [-48.51896, -22.18954], [-48.51896, -24.03569], [-50.683, -24.03569]]]}","{'type': 'Polygon', 'coordinates': [[[-50.683, -23.77477], [-48.88854, -24.03569], [-48.51896, -22.44749], [-50.29308, -22.18954], [-50.683, -23.77477]]]}"
6056,3522208,2010-08-24 00:00:00,LT52190762010236CUB00,LT05_L2SP_219076_20100824_20200823_02_T1,0,"{'type': 'Polygon', 'coordinates': [[[-47.59278, -24.03146], [-47.59278, -22.18532], [-45.4288, -22.18532], [-45.4288, -24.03146], [-47.59278, -24.03146]]]}","{'type': 'Polygon', 'coordinates': [[[-47.59278, -23.77055], [-45.79837, -24.03146], [-45.4288, -22.44327], [-47.20287, -22.18532], [-47.59278, -23.77055]]]}"
6073,3522505,2010-08-24 00:00:00,LT52190762010236CUB00,LT05_L2SP_219076_20100824_20200823_02_T1,0,"{'type': 'Polygon', 'coordinates': [[[-47.59278, -24.03146], [-47.59278, -22.18532], [-45.4288, -22.18532], [-45.4288, -24.03146], [-47.59278, -24.03146]]]}","{'type': 'Polygon', 'coordinates': [[[-47.59278, -23.77055], [-45.79837, -24.03146], [-45.4288, -22.44327], [-47.20287, -22.18532], [-47.59278, -23.77055]]]}"
6117,3523909,2010-11-19 00:00:00,LT52200762010323CUB00,LT05_L2SP_220076_20101119_20200823_02_T1,0,"{'type': 'Polygon', 'coordinates': [[[-49.15754, -24.03346], [-49.15754, -22.18732], [-46.99353, -22.18732], [-46.99353, -24.03346], [-49.15754, -24.03346]]]}","{'type': 'Polygon', 'coordinates': [[[-49.15754, -23.77255], [-47.36311, -24.03346], [-46.99353, -22.44527], [-48.76763, -22.18732], [-49.15754, -23.77255]]]}"
6154,3524402,2010-08-24 00:00:00,LT52190762010236CUB00,LT05_L2SP_219076_20100824_20200823_02_T1,0,"{'type': 'Polygon', 'coordinates': [[[-47.59278, -24.03146], [-47.59278, -22.18532], [-45.4288, -22.18532], [-45.4288, -24.03146], [-47.59278, -24.03146]]]}","{'type': 'Polygon', 'coordinates': [[[-47.59278, -23.77055], [-45.79837, -24.03146], [-45.4288, -22.44327], [-47.20287, -22.18532], [-47.59278, -23.77055]]]}"
6173,3525003,2010-08-24 00:00:00,LT52190762010236CUB00,LT05_L2SP_219076_20100824_20200823_02_T1,0,"{'type': 'Polygon', 'coordinates': [[[-47.59278, -24.03146], [-47.59278, -22.18532], [-45.4288, -22.18532], [-45.4288, -24.03146], [-47.59278, -24.03146]]]}","{'type': 'Polygon', 'coordinates': [[[-47.59278, -23.77055], [-45.79837, -24.03146], [-45.4288, -22.44327], [-47.20287, -22.18532], [-47.59278, -23.77055]]]}"
6190,3525904,2010-08-24 00:00:00,LT52190762010236CUB00,LT05_L2SP_219076_20100824_20200823_02_T1,0,"{'type': 'Polygon', 'coordinates': [[[-47.59278, -24.03146], [-47.59278, -22.18532], [-45.4288, -22.18532], [-45.4288, -24.03146], [-47.59278, -24.03146]]]}","{'type': 'Polygon', 'coordinates': [[[-47.59278, -23.77055], [-45.79837, -24.03146], [-45.4288, -22.44327], [-47.20287, -22.18532], [-47.59278, -23.77055]]]}"
6203,3526407,2010-11-19 00:00:00,LT52200762010323CUB00,LT05_L2SP_220076_20101119_20200823_02_T1,0,"{'type': 'Polygon', 'coordinates': [[[-49.15754, -24.03346], [-49.15754, -22.18732], [-46.99353, -22.18732], [-46.99353, -24.03346], [-49.15754, -24.03346]]]}","{'type': 'Polygon', 'coordinates': [[[-49.15754, -23.77255], [-47.36311, -24.03346], [-46.99353, -22.44527], [-48.76763, -22.18732], [-49.15754, -23.77255]]]}"
6264,3529005,2010-10-09 00:00:00,LT52210752010282COA00,LT05_L2SP_221075_20101009_20200823_02_T1,0,"{'type': 'Polygon', 'coordinates': [[[-50.35831, -22.58292], [-50.35831, -20.73877], [-48.21779, -20.73877], [-48.21779, -22.58292], [-50.35831, -22.58292]]]}","{'type': 'Polygon', 'coordinates': [[[-50.35831, -22.32474], [-48.58263, -22.58292], [-48.21779, -20.99422], [-49.97472, -20.73877], [-50.35831, -22.32474]]]}"
6301,3529203,2010-09-30 00:00:00,LT52220752010273CUB00,LT05_L2SP_222075_20100930_20200823_02_T2,0,"{'type': 'Polygon', 'coordinates': [[[-51.8996, -22.57975], [-51.8996, -20.7356], [-49.75913, -20.7356], [-49.75913, -22.57975], [-51.8996, -22.57975]]]}","{'type': 'Polygon', 'coordinates': [[[-51.8996, -22.32157], [-50.12396, -22.57975], [-49.75913, -20.99105], [-51.51603, -20.7356], [-51.8996, -22.32157]]]}"
6350,3534609,2010-09-30 00:00:00,LT52220752010273CUB00,LT05_L2SP_222075_20100930_20200823_02_T2,0,"{'type': 'Polygon', 'coordinates': [[[-51.8996, -22.57975], [-51.8996, -20.7356], [-49.75913, -20.7356], [-49.75913, -22.57975], [-51.8996, -22.57975]]]}","{'type': 'Polygon', 'coordinates': [[[-51.8996, -22.32157], [-50.12396, -22.57975], [-49.75913, -20.99105], [-51.51603, -20.7356], [-51.8996, -22.32157]]]}"
6378,3536505,2010-11-19 00:00:00,LT52200762010323CUB00,LT05_L2SP_220076_20101119_20200823_02_T1,0,"{'type': 'Polygon', 'coordinates': [[[-49.15754, -24.03346], [-49.15754, -22.18732], [-46.99353, -22.18732], [-46.99353, -24.03346], [-49.15754, -24.03346]]]}","{'type': 'Polygon', 'coordinates': [[[-49.15754, -23.77255], [-47.36311, -24.03346], [-46.99353, -22.44527], [-48.76763, -22.18732], [-49.15754, -23.77255]]]}"
6399,3538709,2010-11-19 00:00:00,LT52200762010323CUB00,LT05_L2SP_220076_20101119_20200823_02_T1,0,"{'type': 'Polygon', 'coordinates': [[[-49.15754, -24.03346], [-49.15754, -22.18732], [-46.99353, -22.18732], [-46.99353, -24.03346], [-49.15754, -24.03346]]]}","{'type': 'Polygon', 'coordinates': [[[-49.15754, -23.77255], [-47.36311, -24.03346], [-46.99353, -22.44527], [-48.76763, -22.18732], [-49.15754, -23.77255]]]}"
6415,3540705,2010-11-19 00:00:00,LT52200752010323CUB00,LT05_L2SP_220075_20101119_20200823_02_T1,0,"{'type': 'Polygon', 'coordinates': [[[-48.80053, -22.58084], [-48.80053, -20.73669], [-46.66004, -20.73669], [-46.66004, -22.58084], [-48.80053, -22.58084]]]}","{'type': 'Polygon', 'coordinates': [[[-48.80053, -22.32266], [-47.02487, -22.58084], [-46.66004, -20.99214], [-48.41695, -20.73669], [-48.80053, -22.32266]]]}"
6462,3541307,2010-11-08 00:00:00,LT52230752010312CUB00,LT05_L2SP_223075_20101108_20200823_02_T1,0,"{'type': 'Polygon', 'coordinates': [[[-53.4468, -22.57839], [-53.4468, -20.73424], [-51.30635, -20.73424], [-51.30635, -22.57839], [-53.4468, -22.57839]]]}","{'type': 'Polygon', 'coordinates': [[[-53.4468, -22.32021], [-51.67118, -22.57839], [-51.30635, -20.98969], [-53.06324, -20.73424], [-53.4468, -22.32021]]]}"
6483,3543303,2010-08-24 00:00:00,LT52190762010236CUB00,LT05_L2SP_219076_20100824_20200823_02_T1,0,"{'type': 'Polygon', 'coordinates': [[[-47.59278, -24.03146], [-47.59278, -22.18532], [-45.4288, -22.18532], [-45.4288, -24.03146], [-47.59278, -24.03146]]]}","{'type': 'Polygon', 'coordinates': [[[-47.59278, -23.77055], [-45.79837, -24.03146], [-45.4288, -22.44327], [-47.20287, -22.18532], [-47.59278, -23.77055]]]}"
6495,3543402,2010-11-19 00:00:00,LT52200752010323CUB00,LT05_L2SP_220075_20101119_20200823_02_T1,0,"{'type': 'Polygon', 'coordinates': [[[-48.80053, -22.58084], [-48.80053, -20.73669], [-46.66004, -20.73669], [-46.66004, -22.58084], [-48.80053, -22.58084]]]}","{'type': 'Polygon', 'coordinates': [[[-48.80053, -22.32266], [-47.02487, -22.58084], [-46.66004, -20.99214], [-48.41695, -20.73669], [-48.80053, -22.32266]]]}"
6526,3545803,2010-11-19 00:00:00,LT52200762010323CUB00,LT05_L2SP_220076_20101119_20200823_02_T1,0,"{'type': 'Polygon', 'coordinates': [[[-49.15754, -24.03346], [-49.15754, -22.18732], [-46.99353, -22.18732], [-46.99353, -24.03346], [-49.15754, -24.03346]]]}","{'type': 'Polygon', 'coordinates': [[[-49.15754, -23.77255], [-47.36311, -24.03346], [-46.99353, -22.44527], [-48.76763, -22.18732], [-49.15754, -23.77255]]]}"
6550,3547304,2010-08-24 00:00:00,LT52190762010236CUB00,LT05_L2SP_219076_20100824_20200823_02_T1,0,"{'type': 'Polygon', 'coordinates': [[[-47.59278, -24.03146], [-47.59278, -22.18532], [-45.4288, -22.18532], [-45.4288, -24.03146], [-47.59278, -24.03146]]]}","{'type': 'Polygon', 'coordinates': [[[-47.59278, -23.77055], [-45.79837, -24.03146], [-45.4288, -22.44327], [-47.20287, -22.18532], [-47.59278, -23.77055]]]}"
6581,3547809,2010-08-24 00:00:00,LT52190762010236CUB00,LT05_L2SP_219076_20100824_20200823_02_T1,0,"{'type': 'Polygon', 'coordinates': [[[-47.59278, -24.03146], [-47.59278, -22.18532], [-45.4288, -22.18532], [-45.4288, -24.03146], [-47.59278, -24.03146]]]}","{'type': 'Polygon', 'coordinates': [[[-47.59278, -23.77055], [-45.79837, -24.03146], [-45.4288, -22.44327], [-47.20287, -22.18532], [-47.59278, -23.77055]]]}"
6643,3548708,2010-08-24 00:00:00,LT52190762010236CUB00,LT05_L2SP_219076_20100824_20200823_02_T1,0,"{'type': 'Polygon', 'coordinates': [[[-47.59278, -24.03146], [-47.59278, -22.18532], [-45.4288, -22.18532], [-45.4288, -24.03146], [-47.59278, -24.03146]]]}","{'type': 'Polygon', 'coordinates': [[[-47.59278, -23.77055], [-45.79837, -24.03146], [-45.4288, -22.44327], [-47.20287, -22.18532], [-47.59278, -23.77055]]]}"
6673,3549904,2010-08-24 00:00:00,LT52190762010236CUB00,LT05_L2SP_219076_20100824_20200823_02_T1,0,"{'type': 'Polygon', 'coordinates': [[[-47.59278, -24.03146], [-47.59278, -22.18532], [-45.4288, -22.18532], [-45.4288, -24.03146], [-47.59278, -24.03146]]]}","{'type': 'Polygon', 'coordinates': [[[-47.59278, -23.77055], [-45.79837, -24.03146], [-45.4288, -22.44327], [-47.20287, -22.18532], [-47.59278, -23.77055]]]}"
6706,3550308,2010-08-24 00:00:00,LT52190762010236CUB00,LT05_L2SP_219076_20100824_20200823_02_T1,0,"{'type': 'Polygon', 'coordinates': [[[-47.59278, -24.03146], [-47.59278, -22.18532], [-45.4288, -22.18532], [-45.4288, -24.03146], [-47.59278, -24.03146]]]}","{'type': 'Polygon', 'coordinates': [[[-47.59278, -23.77055], [-45.79837, -24.03146], [-45.4288, -22.44327], [-47.20287, -22.18532], [-47.59278, -23.77055]]]}"
6754,3551900,2010-09-23 00:00:00,LT52210742010266CUB00,LT05_L2SP_221074_20100923_20200823_02_T1,0,"{'type': 'Polygon', 'coordinates': [[[-50.00557, -21.14635], [-50.00557, -19.304], [-47.88641, -19.304], [-47.88641, -21.14635], [-50.00557, -21.14635]]]}","{'type': 'Polygon', 'coordinates': [[[-50.00557, -20.89065], [-48.24701, -21.14635], [-47.88641, -19.55718], [-49.62773, -19.304], [-50.00557, -20.89065]]]}"
6784,3552403,2010-11-19 00:00:00,LT52200762010323CUB00,LT05_L2SP_220076_20101119_20200823_02_T1,0,"{'type': 'Polygon', 'coordinates': [[[-49.15754, -24.03346], [-49.15754, -22.18732], [-46.99353, -22.18732], [-46.99353, -24.03346], [-49.15754, -24.03346]]]}","{'type': 'Polygon', 'coordinates': [[[-49.15754, -23.77255], [-47.36311, -24.03346], [-46.99353, -22.44527], [-48.76763, -22.18732], [-49.15754, -23.77255]]]}"
6808,3552502,2010-08-24 00:00:00,LT52190762010236CUB00,LT05_L2SP_219076_20100824_20200823_02_T1,0,"{'type': 'Polygon', 'coordinates': [[[-47.59278, -24.03146], [-47.59278, -22.18532], [-45.4288, -22.18532], [-45.4288, -24.03146], [-47.59278, -24.03146]]]}","{'type': 'Polygon', 'coordinates': [[[-47.59278, -23.77055], [-45.79837, -24.03146], [-45.4288, -22.44327], [-47.20287, -22.18532], [-47.59278, -23.77055]]]}"
6837,3552700,2010-10-09 00:00:00,LT52210752010282COA00,LT05_L2SP_221075_20101009_20200823_02_T1,0,"{'type': 'Polygon', 'coordinates': [[[-50.35831, -22.58292], [-50.35831, -20.73877], [-48.21779, -20.73877], [-48.21779, -22.58292], [-50.35831, -22.58292]]]}","{'type': 'Polygon', 'coordinates': [[[-50.35831, -22.32474], [-48.58263, -22.58292], [-48.21779, -20.99422], [-49.97472, -20.73877], [-50.35831, -22.32474]]]}"
6891,3553401,2010-09-23 00:00:00,LT52210742010266CUB00,LT05_L2SP_221074_20100923_20200823_02_T1,0,"{'type': 'Polygon', 'coordinates': [[[-50.00557, -21.14635], [-50.00557, -19.304], [-47.88641, -19.304], [-47.88641, -21.14635], [-50.00557, -21.14635]]]}","{'type': 'Polygon', 'coordinates': [[[-50.00557, -20.89065], [-48.24701, -21.14635], [-47.88641, -19.55718], [-49.62773, -19.304], [-50.00557, -20.89065]]]}"
6983,3557006,2010-11-19 00:00:00,LT52200762010323CUB00,LT05_L2SP_220076_20101119_20200823_02_T1,0,"{'type': 'Polygon', 'coordinates': [[[-49.15754, -24.03346], [-49.15754, -22.18732], [-46.99353, -22.18732], [-46.99353, -24.03346], [-49.15754, -24.03346]]]}","{'type': 'Polygon', 'coordinates': [[[-49.15754, -23.77255], [-47.36311, -24.03346], [-46.99353, -22.44527], [-48.76763, -22.18732], [-49.15754, -23.77255]]]}"
7025,3557105,2010-08-29 00:00:00,LT52220742010241CUB01,LT05_L2SP_222074_20100829_20200823_02_T1,0,"{'type': 'Polygon', 'coordinates': [[[-51.53131, -21.15001], [-51.53131, -19.30766], [-49.4121, -19.30766], [-49.4121, -21.15001], [-51.53131, -21.15001]]]}","{'type': 'Polygon', 'coordinates': [[[-51.53131, -20.89431], [-49.77271, -21.15001], [-49.4121, -19.56085], [-51.15346, -19.30766], [-51.53131, -20.89431]]]}"
7316,4112702,2010-08-29 00:00:00,LT52220762010241CUB01,LT05_L2SP_222076_20100829_20200823_02_T1,0,"{'type': 'Polygon', 'coordinates': [[[-52.2319, -24.03158], [-52.2319, -22.18544], [-50.06792, -22.18544], [-50.06792, -24.03158], [-52.2319, -24.03158]]]}","{'type': 'Polygon', 'coordinates': [[[-52.2319, -23.77067], [-50.43749, -24.03158], [-50.06792, -22.44339], [-51.84199, -22.18544], [-52.2319, -23.77067]]]}"
7402,4128104,2010-11-08 00:00:00,LT52230762010312CUB00,LT05_L2SP_223076_20101108_20200823_02_T1,0,"{'type': 'Polygon', 'coordinates': [[[-53.80373, -24.03058], [-53.80373, -22.18444], [-51.63977, -22.18444], [-51.63977, -24.03058], [-53.80373, -24.03058]]]}","{'type': 'Polygon', 'coordinates': [[[-53.80373, -23.76968], [-52.00934, -24.03058], [-51.63977, -22.44239], [-53.41383, -22.18444], [-53.80373, -23.76968]]]}"
7634,4217907,2010-11-01 00:00:00,LT52220792010305CUB00,LT05_L2SP_222079_20101101_20200823_02_T1,0,"{'type': 'Polygon', 'coordinates': [[[-53.376, -28.35073], [-53.376, -26.4976], [-51.12963, -26.4976], [-51.12963, -28.35073], [-53.376, -28.35073]]]}","{'type': 'Polygon', 'coordinates': [[[-53.376, -28.08029], [-51.51639, -28.35073], [-51.12963, -26.7643], [-52.96372, -26.4976], [-53.376, -28.08029]]]}"
8232,5002704,2010-10-21 00:00:00,LT52250742010294CUB00,LT05_L2SP_225074_20101021_20200823_02_T1,0,"{'type': 'Polygon', 'coordinates': [[[-56.19268, -21.14303], [-56.19268, -19.30069], [-54.07357, -19.30069], [-54.07357, -21.14303], [-56.19268, -21.14303]]]}","{'type': 'Polygon', 'coordinates': [[[-56.19268, -20.88735], [-54.43416, -21.14303], [-54.07357, -19.55387], [-55.81485, -19.30069], [-56.19268, -20.88735]]]}"
8389,5103403,2010-09-26 00:00:00,LT52260712010269CUB01,LT05_L2SP_226071_20100926_20200823_02_T1,0,"{'type': 'Polygon', 'coordinates': [[[-56.71616, -16.80627], [-56.71616, -14.96849], [-54.65091, -14.96849], [-54.65091, -16.80627], [-56.71616, -16.80627]]]}","{'type': 'Polygon', 'coordinates': [[[-56.71616, -16.55691], [-55.00119, -16.80627], [-54.65091, -15.21596], [-56.35286, -14.96849], [-56.71616, -16.55691]]]}"
8428,5108402,2010-09-26 00:00:00,LT52260712010269CUB01,LT05_L2SP_226071_20100926_20200823_02_T1,0,"{'type': 'Polygon', 'coordinates': [[[-56.71616, -16.80627], [-56.71616, -14.96849], [-54.65091, -14.96849], [-54.65091, -16.80627], [-56.71616, -16.80627]]]}","{'type': 'Polygon', 'coordinates': [[[-56.71616, -16.55691], [-55.00119, -16.80627], [-54.65091, -15.21596], [-56.35286, -14.96849], [-56.71616, -16.55691]]]}"
8475,5201108,2010-08-29 00:00:00,LT52220712010241CUB01,LT05_L2SP_222071_20100829_20200823_02_T1,0,"{'type': 'Polygon', 'coordinates': [[[-50.51743, -16.81858], [-50.51743, -14.9808], [-48.45204, -14.9808], [-48.45204, -16.81858], [-50.51743, -16.81858]]]}","{'type': 'Polygon', 'coordinates': [[[-50.51743, -16.56921], [-48.80235, -16.81858], [-48.45204, -15.22828], [-50.15409, -14.9808], [-50.51743, -16.56921]]]}"
8505,5208707,2010-08-29 00:00:00,LT52220712010241CUB01,LT05_L2SP_222071_20100829_20200823_02_T1,0,"{'type': 'Polygon', 'coordinates': [[[-50.51743, -16.81858], [-50.51743, -14.9808], [-48.45204, -14.9808], [-48.45204, -16.81858], [-50.51743, -16.81858]]]}","{'type': 'Polygon', 'coordinates': [[[-50.51743, -16.56921], [-48.80235, -16.81858], [-48.45204, -15.22828], [-50.15409, -14.9808], [-50.51743, -16.56921]]]}"
8518,5215231,2010-09-23 00:00:00,LT52210712010266CUB00,LT05_L2SP_221071_20100923_20200823_02_T1,0,"{'type': 'Polygon', 'coordinates': [[[-48.99028, -16.80841], [-48.99028, -14.97063], [-46.925, -14.97063], [-46.925, -16.80841], [-48.99028, -16.80841]]]}","{'type': 'Polygon', 'coordinates': [[[-48.99028, -16.55905], [-47.27528, -16.80841], [-46.925, -15.2181], [-48.62696, -14.97063], [-48.99028, -16.55905]]]}"
8533,5221858,2010-09-23 00:00:00,LT52210712010266CUB00,LT05_L2SP_221071_20100923_20200823_02_T1,0,"{'type': 'Polygon', 'coordinates': [[[-48.99028, -16.80841], [-48.99028, -14.97063], [-46.925, -14.97063], [-46.925, -16.80841], [-48.99028, -16.80841]]]}","{'type': 'Polygon', 'coordinates': [[[-48.99028, -16.55905], [-47.27528, -16.80841], [-46.925, -15.2181], [-48.62696, -14.97063], [-48.99028, -16.55905]]]}"
8550,5300108,2010-09-23 00:00:00,LT52210712010266CUB00,LT05_L2SP_221071_20100923_20200823_02_T1,0,"{'type': 'Polygon', 'coordinates': [[[-48.99028, -16.80841], [-48.99028, -14.97063], [-46.925, -14.97063], [-46.925, -16.80841], [-48.99028, -16.80841]]]}","{'type': 'Polygon', 'coordinates': [[[-48.99028, -16.55905], [-47.27528, -16.80841], [-46.925, -15.2181], [-48.62696, -14.97063], [-48.99028, -16.55905]]]}"
