location,xsize,ysize,pixels_slum,proportion_slums,NM_MUNICIP,CD_UF,SG_UF,Name_UF,startDate,entityId,displayId,cloudCover,spatialBounds,spatialCoverage,RME_DS,RME_CD,RME_NM,metropolitan,left_half_slums,left_half_slum_discounting_border,right_half_slums,right_half_slum_discounting_border,proportion_slums_left,proportion_slums_right
3106200,903,649,23174,0.0395429035555168,BELO HORIZONTE,31,MG,Minas Gerais,2010-08-01 00:00:00,LT52180742010213CUB00,LT05_L2SP_218074_20100801_20200824_02_T1,0,"{'type': 'Polygon', 'coordinates': [[[-45.34148, -21.149], [-45.34148, -19.30665], [-43.22228, -19.30665], [-43.22228, -21.149], [-45.34148, -21.149]]]}","{'type': 'Polygon', 'coordinates': [[[-45.34148, -20.8933], [-43.58289, -21.149], [-43.22228, -19.55984], [-44.96363, -19.30665], [-45.34148, -20.8933]]]}",Belo Horizonte,8.0,Belo Horizonte,1.0,13642,10339,9532,7685,0.0466278386175027,0.03247976829372178
3118601,608,518,12771,0.0405500660434871,CONTAGEM,31,MG,Minas Gerais,2010-08-01 00:00:00,LT52180742010213CUB00,LT05_L2SP_218074_20100801_20200824_02_T1,0,"{'type': 'Polygon', 'coordinates': [[[-45.34148, -21.149], [-45.34148, -19.30665], [-43.22228, -19.30665], [-43.22228, -21.149], [-45.34148, -21.149]]]}","{'type': 'Polygon', 'coordinates': [[[-45.34148, -20.8933], [-43.58289, -21.149], [-43.22228, -19.55984], [-44.96363, -19.30665], [-45.34148, -20.8933]]]}",Contagem,8.0,Belo Horizonte,1.0,5581,3786,7190,5853,0.03544122129648446,0.04565891079048974
3171204,337,199,7558,0.1126999985088648,VESPASIANO,31,MG,Minas Gerais,2010-08-01 00:00:00,LT52180742010213CUB00,LT05_L2SP_218074_20100801_20200824_02_T1,0,"{'type': 'Polygon', 'coordinates': [[[-45.34148, -21.149], [-45.34148, -19.30665], [-43.22228, -19.30665], [-43.22228, -21.149], [-45.34148, -21.149]]]}","{'type': 'Polygon', 'coordinates': [[[-45.34148, -20.8933], [-43.58289, -21.149], [-43.22228, -19.55984], [-44.96363, -19.30665], [-45.34148, -20.8933]]]}",Vespasiano,8.0,Belo Horizonte,1.0,4160,1617,3398,855,0.1246890267661781,0.10083086053412463
3300704,1231,218,17349,0.0646487155218029,CABO FRIO,33,RJ,Rio de Janeiro,2010-09-04 00:00:00,LT52160762010247CUB00,LT05_L2SP_216076_20100904_20200823_02_T1,0,"{'type': 'Polygon', 'coordinates': [[[-42.96881, -24.03136], [-42.96881, -22.18522], [-40.80483, -22.18522], [-40.80483, -24.03136], [-42.96881, -24.03136]]]}","{'type': 'Polygon', 'coordinates': [[[-42.96881, -23.77045], [-41.1744, -24.03136], [-40.80483, -22.44317], [-42.5789, -22.18522], [-42.96881, -23.77045]]]}",,,,0.0,6374,1278,10975,3709,0.04750370773369902,0.08179372330990692
3510609,237,159,1098,0.0291378074994029,CARAPICUÍBA,35,SP,São Paulo,2010-08-24 00:00:00,LT52190762010236CUB00,LT05_L2SP_219076_20100824_20200823_02_T1,0,"{'type': 'Polygon', 'coordinates': [[[-47.59278, -24.03146], [-47.59278, -22.18532], [-45.4288, -22.18532], [-45.4288, -24.03146], [-47.59278, -24.03146]]]}","{'type': 'Polygon', 'coordinates': [[[-47.59278, -23.77055], [-45.79837, -24.03146], [-45.4288, -22.44327], [-47.20287, -22.18532], [-47.59278, -23.77055]]]}",Carapicuíba,36.0,São Paulo,1.0,644,223,454,22,0.03439619719062116,0.023945147679324895
3513801,301,202,3558,0.0585178119140817,DIADEMA,35,SP,São Paulo,2010-08-24 00:00:00,LT52190762010236CUB00,LT05_L2SP_219076_20100824_20200823_02_T1,0,"{'type': 'Polygon', 'coordinates': [[[-47.59278, -24.03146], [-47.59278, -22.18532], [-45.4288, -22.18532], [-45.4288, -24.03146], [-47.59278, -24.03146]]]}","{'type': 'Polygon', 'coordinates': [[[-47.59278, -23.77055], [-45.79837, -24.03146], [-45.4288, -22.44327], [-47.20287, -22.18532], [-47.59278, -23.77055]]]}",Diadema,36.0,São Paulo,1.0,2093,372,1465,535,0.0688464195256735,0.048189204302490046
3518800,545,669,17323,0.0475116907338078,GUARULHOS,35,SP,São Paulo,2010-08-24 00:00:00,LT52190762010236CUB00,LT05_L2SP_219076_20100824_20200823_02_T1,0,"{'type': 'Polygon', 'coordinates': [[[-47.59278, -24.03146], [-47.59278, -22.18532], [-45.4288, -22.18532], [-45.4288, -24.03146], [-47.59278, -24.03146]]]}","{'type': 'Polygon', 'coordinates': [[[-47.59278, -23.77055], [-45.79837, -24.03146], [-45.4288, -22.44327], [-47.20287, -22.18532], [-47.59278, -23.77055]]]}",Guarulhos,36.0,São Paulo,1.0,6709,5229,10614,8576,0.036856562105147504,0.058135013008352734
3523107,314,258,4778,0.0589789167036982,ITAQUAQUECETUBA,35,SP,São Paulo,2010-08-24 00:00:00,LT52190762010236CUB00,LT05_L2SP_219076_20100824_20200823_02_T1,0,"{'type': 'Polygon', 'coordinates': [[[-47.59278, -24.03146], [-47.59278, -22.18532], [-45.4288, -22.18532], [-45.4288, -24.03146], [-47.59278, -24.03146]]]}","{'type': 'Polygon', 'coordinates': [[[-47.59278, -23.77055], [-45.79837, -24.03146], [-45.4288, -22.44327], [-47.20287, -22.18532], [-47.59278, -23.77055]]]}",Itaquaquecetuba,36.0,São Paulo,1.0,2720,896,2058,1339,0.06715054559818298,0.05080728780921345
3529401,263,255,5243,0.0781778871244315,MAUÁ,35,SP,São Paulo,2010-08-24 00:00:00,LT52190762010236CUB00,LT05_L2SP_219076_20100824_20200823_02_T1,0,"{'type': 'Polygon', 'coordinates': [[[-47.59278, -24.03146], [-47.59278, -22.18532], [-45.4288, -22.18532], [-45.4288, -24.03146], [-47.59278, -24.03146]]]}","{'type': 'Polygon', 'coordinates': [[[-47.59278, -23.77055], [-45.79837, -24.03146], [-45.4288, -22.44327], [-47.20287, -22.18532], [-47.59278, -23.77055]]]}",Mauá,36.0,São Paulo,1.0,1926,1142,3317,1286,0.05766294422322685,0.09853255703422054
3534401,379,207,3661,0.0466648821587447,OSASCO,35,SP,São Paulo,2010-08-24 00:00:00,LT52190762010236CUB00,LT05_L2SP_219076_20100824_20200823_02_T1,0,"{'type': 'Polygon', 'coordinates': [[[-47.59278, -24.03146], [-47.59278, -22.18532], [-45.4288, -22.18532], [-45.4288, -24.03146], [-47.59278, -24.03146]]]}","{'type': 'Polygon', 'coordinates': [[[-47.59278, -23.77055], [-45.79837, -24.03146], [-45.4288, -22.44327], [-47.20287, -22.18532], [-47.59278, -23.77055]]]}",Osasco,36.0,São Paulo,1.0,2074,879,1587,476,0.05312908266516382,0.040262837426425814
3552809,112,123,1461,0.1060540069686411,TABOÃO DA SERRA,35,SP,São Paulo,2010-08-24 00:00:00,LT52190762010236CUB00,LT05_L2SP_219076_20100824_20200823_02_T1,0,"{'type': 'Polygon', 'coordinates': [[[-47.59278, -24.03146], [-47.59278, -22.18532], [-45.4288, -22.18532], [-45.4288, -24.03146], [-47.59278, -24.03146]]]}","{'type': 'Polygon', 'coordinates': [[[-47.59278, -23.77055], [-45.79837, -24.03146], [-45.4288, -22.44327], [-47.20287, -22.18532], [-47.59278, -23.77055]]]}",Taboão da Serra,36.0,São Paulo,1.0,757,0,704,0,0.11080210772833723,0.10138248847926268
3556503,99,150,1315,0.0885521885521885,VÁRZEA PAULISTA,35,SP,São Paulo,2010-08-24 00:00:00,LT52190762010236CUB00,LT05_L2SP_219076_20100824_20200823_02_T1,0,"{'type': 'Polygon', 'coordinates': [[[-47.59278, -24.03146], [-47.59278, -22.18532], [-45.4288, -22.18532], [-45.4288, -24.03146], [-47.59278, -24.03146]]]}","{'type': 'Polygon', 'coordinates': [[[-47.59278, -23.77055], [-45.79837, -24.03146], [-45.4288, -22.44327], [-47.20287, -22.18532], [-47.59278, -23.77055]]]}",,,,0.0,1107,171,208,0,0.14909090909090908,0.028013468013468015
1200203,50,76,847,0.2228947368421052,CRUZEIRO DO SUL,12,AC,Acre,2010-09-30 00:00:00,LT50050652010273CUB00,LT05_L2SP_005065_20100930_20200823_02_T1,0,"{'type': 'Polygon', 'coordinates': [[[-73.33254, -8.14197], [-73.33254, -6.30973], [-71.33271, -6.30973], [-71.33271, -8.14197], [-73.33254, -8.14197]]]}","{'type': 'Polygon', 'coordinates': [[[-73.33254, -7.90049], [-71.67194, -8.14197], [-71.33271, -6.5504], [-72.98767, -6.30973], [-73.33254, -7.90049]]]}",,,,0.0,289,0,558,0,0.15210526315789474,0.29368421052631577
1200401,266,256,10403,0.1527696193609022,RIO BRANCO,12,AC,Acre,2010-09-09 00:00:00,LT50020672010252COA01,LT05_L2SP_002067_20100909_20200823_02_T1,0,"{'type': 'Polygon', 'coordinates': [[[-69.31278, -11.0243], [-69.31278, -9.1907], [-67.29698, -9.1907], [-67.29698, -11.0243], [-69.31278, -11.0243]]]}","{'type': 'Polygon', 'coordinates': [[[-69.31278, -10.78085], [-67.6386, -11.0243], [-67.29698, -9.433], [-68.96318, -9.1907], [-69.31278, -10.78085]]]}",,,,0.0,6355,2392,4048,2845,0.18664826127819548,0.11889097744360902
1300508,56,62,1109,0.3194124423963134,BARREIRINHA,13,AM,Amazonas,2010-08-14 00:00:00,LT52290622010226CUB01,LT05_L2SP_229062_20100814_20200823_02_T1,0,"{'type': 'Polygon', 'coordinates': [[[-58.46063, -3.81751], [-58.46063, -1.98643], [-56.47463, -1.98643], [-56.47463, -3.81751], [-58.46063, -3.81751]]]}","{'type': 'Polygon', 'coordinates': [[[-58.46063, -3.57783], [-56.81249, -3.81751], [-56.47463, -2.22579], [-58.12053, -1.98643], [-58.46063, -3.57783]]]}",,,,0.0,574,0,535,0,0.33064516129032256,0.30817972350230416
1300706,215,415,15660,0.1755113477164472,BOCA DO ACRE,13,AM,Amazonas,2010-08-24 00:00:00,LT50020662010236CUB00,LT05_L2SP_002066_20100824_20200824_02_T1,0,"{'type': 'Polygon', 'coordinates': [[[-68.9851, -9.5974], [-68.9851, -7.76453], [-66.9779, -7.76453], [-66.9779, -9.5974], [-68.9851, -9.5974]]]}","{'type': 'Polygon', 'coordinates': [[[-68.9851, -9.355], [-67.31819, -9.5974], [-66.9779, -8.00594], [-68.638, -7.76453], [-68.9851, -9.355]]]}",,,,0.0,1537,0,14123,11010,0.03453544545556679,0.31580948121645797
1301407,179,190,4704,0.1383122610996765,EIRUNEPÉ,13,AM,Amazonas,2010-09-16 00:00:00,LT50030652010259CUB00,LT05_L2SP_003065_20100916_20200823_02_T1,0,"{'type': 'Polygon', 'coordinates': [[[-70.23595, -8.1481], [-70.23595, -6.31586], [-68.2361, -6.31586], [-68.2361, -8.1481], [-70.23595, -8.1481]]]}","{'type': 'Polygon', 'coordinates': [[[-70.23595, -7.90662], [-68.57533, -8.1481], [-68.2361, -6.55653], [-69.89107, -6.31586], [-70.23595, -7.90662]]]}",,,,0.0,1913,480,2791,619,0.1124963246104087,0.16412819758894442
1301506,54,55,360,0.1212121212121212,ENVIRA,13,AM,Amazonas,2010-09-16 00:00:00,LT50030652010259CUB00,LT05_L2SP_003065_20100916_20200823_02_T1,0,"{'type': 'Polygon', 'coordinates': [[[-70.23595, -8.1481], [-70.23595, -6.31586], [-68.2361, -6.31586], [-68.2361, -8.1481], [-70.23595, -8.1481]]]}","{'type': 'Polygon', 'coordinates': [[[-70.23595, -7.90662], [-68.57533, -8.1481], [-68.2361, -6.55653], [-69.89107, -6.31586], [-70.23595, -7.90662]]]}",,,,0.0,23,0,337,0,0.01577503429355281,0.22288359788359788
1301654,73,124,1536,0.1696862571807335,GUAJARÁ,13,AM,Amazonas,2010-09-30 00:00:00,LT50050652010273CUB00,LT05_L2SP_005065_20100930_20200823_02_T1,0,"{'type': 'Polygon', 'coordinates': [[[-73.33254, -8.14197], [-73.33254, -6.30973], [-71.33271, -6.30973], [-71.33271, -8.14197], [-73.33254, -8.14197]]]}","{'type': 'Polygon', 'coordinates': [[[-73.33254, -7.90049], [-71.67194, -8.14197], [-71.33271, -6.5504], [-72.98767, -6.30973], [-73.33254, -7.90049]]]}",,,,0.0,310,0,1226,0,0.0684931506849315,0.2708793636765356
1301803,76,54,1586,0.3864522417153996,IPIXUNA,13,AM,Amazonas,2010-09-30 00:00:00,LT50050652010273CUB00,LT05_L2SP_005065_20100930_20200823_02_T1,0,"{'type': 'Polygon', 'coordinates': [[[-73.33254, -8.14197], [-73.33254, -6.30973], [-71.33271, -6.30973], [-71.33271, -8.14197], [-73.33254, -8.14197]]]}","{'type': 'Polygon', 'coordinates': [[[-73.33254, -7.90049], [-71.67194, -8.14197], [-71.33271, -6.5504], [-72.98767, -6.30973], [-73.33254, -7.90049]]]}",,,,0.0,529,0,1057,0,0.2577972709551657,0.5151072124756335
1302405,112,98,1898,0.1729227405247813,LÁBREA,13,AM,Amazonas,2010-09-27 00:00:00,LT52330652010270CUB00,LT05_L2SP_233065_20100927_20200823_02_T1,0,"{'type': 'Polygon', 'coordinates': [[[-65.60639, -8.14641], [-65.60639, -6.31417], [-63.60654, -6.31417], [-63.60654, -8.14641], [-65.60639, -8.14641]]]}","{'type': 'Polygon', 'coordinates': [[[-65.60639, -7.90493], [-63.94577, -8.14641], [-63.60654, -6.55484], [-65.26151, -6.31417], [-65.60639, -7.90493]]]}",,,,0.0,675,0,1223,0,0.12299562682215744,0.22284985422740525
1303403,105,107,1375,0.1223854027592345,PARINTINS,13,AM,Amazonas,2010-08-14 00:00:00,LT52290622010226CUB01,LT05_L2SP_229062_20100814_20200823_02_T1,0,"{'type': 'Polygon', 'coordinates': [[[-58.46063, -3.81751], [-58.46063, -1.98643], [-56.47463, -1.98643], [-56.47463, -3.81751], [-58.46063, -3.81751]]]}","{'type': 'Polygon', 'coordinates': [[[-58.46063, -3.57783], [-56.81249, -3.81751], [-56.47463, -2.22579], [-58.12053, -1.98643], [-58.46063, -3.57783]]]}",,,,0.0,502,0,873,0,0.09020664869721473,0.15396825396825398
1702109,413,434,27074,0.1510471876011202,ARAGUAÍNA,17,TO,Tocantins,2010-09-14 00:00:00,LT52220652010257CUB00,LT05_L2SP_222065_20100914_20200823_02_T1,0,"{'type': 'Polygon', 'coordinates': [[[-48.6022, -8.14216], [-48.6022, -6.30992], [-46.60237, -6.30992], [-46.60237, -8.14216], [-48.6022, -8.14216]]]}","{'type': 'Polygon', 'coordinates': [[[-48.6022, -7.90068], [-46.9416, -8.14216], [-46.60237, -6.55059], [-48.25733, -6.30992], [-48.6022, -7.90068]]]}",,,,0.0,8202,6363,18872,13922,0.09151872886934982,0.21057564633289072
3101508,109,172,2553,0.1361745252826968,ALÉM PARAÍBA,31,MG,Minas Gerais,2010-08-26 00:00:00,LT52170752010238CUB00,LT05_L2SP_217075_20100826_20200823_02_T1,0,"{'type': 'Polygon', 'coordinates': [[[-44.14845, -22.58338], [-44.14845, -20.73922], [-42.00792, -20.73922], [-42.00792, -22.58338], [-44.14845, -22.58338]]]}","{'type': 'Polygon', 'coordinates': [[[-44.14845, -22.3252], [-42.37276, -22.58338], [-42.00792, -20.99468], [-43.76486, -20.73922], [-44.14845, -22.3252]]]}",,,,0.0,578,0,1975,667,0.06165991039044165,0.210689140174952
3106705,444,644,4438,0.015520955738347,BETIM,31,MG,Minas Gerais,2010-09-18 00:00:00,LT52180742010261CUB00,LT05_L2SP_218074_20100918_20200823_02_T1,0,"{'type': 'Polygon', 'coordinates': [[[-45.36855, -21.14803], [-45.36855, -19.30568], [-43.24936, -19.30568], [-43.24936, -21.14803], [-45.36855, -21.14803]]]}","{'type': 'Polygon', 'coordinates': [[[-45.36855, -20.89233], [-43.60997, -21.14803], [-43.24936, -19.55887], [-44.9907, -19.30568], [-45.36855, -20.89233]]]}",Betim,8.0,Belo Horizonte,1.0,644,27,3794,2890,0.0045045045045045045,0.026537406972189582
3107802,921,561,511,0.0009890048211565,BOM JESUS DO GALHO,31,MG,Minas Gerais,2010-08-26 00:00:00,LT52170742010238CUB00,LT05_L2SP_217074_20100826_20200823_02_T1,0,"{'type': 'Polygon', 'coordinates': [[[-43.80201, -21.14653], [-43.80201, -19.30418], [-41.68284, -19.30418], [-41.68284, -21.14653], [-43.80201, -21.14653]]]}","{'type': 'Polygon', 'coordinates': [[[-43.80201, -20.89083], [-42.04345, -21.14653], [-41.68284, -19.55736], [-43.42417, -19.30418], [-43.80201, -20.89083]]]}",,,,0.0,452,0,59,0,0.0017527532185512642,0.00022797438958891195
3111200,71,29,20,0.0097134531325886,CAMPO BELO,31,MG,Minas Gerais,2010-09-02 00:00:00,LT52180752010245CUB00,LT05_L2SP_218075_20100902_20200823_02_T1,0,"{'type': 'Polygon', 'coordinates': [[[-45.70264, -22.58821], [-45.70264, -20.74405], [-43.56204, -20.74405], [-43.56204, -22.58821], [-45.70264, -22.58821]]]}","{'type': 'Polygon', 'coordinates': [[[-45.70264, -22.33002], [-43.92689, -22.58821], [-43.56204, -20.99951], [-45.31903, -20.74405], [-45.70264, -22.33002]]]}",,,,0.0,0,0,20,0,0.0,0.018779342723004695
3113404,114,110,2659,0.2120414673046252,CARATINGA,31,MG,Minas Gerais,2010-08-26 00:00:00,LT52170742010238CUB00,LT05_L2SP_217074_20100826_20200823_02_T1,0,"{'type': 'Polygon', 'coordinates': [[[-43.80201, -21.14653], [-43.80201, -19.30418], [-41.68284, -19.30418], [-41.68284, -21.14653], [-43.80201, -21.14653]]]}","{'type': 'Polygon', 'coordinates': [[[-43.80201, -20.89083], [-42.04345, -21.14653], [-41.68284, -19.55736], [-43.42417, -19.30418], [-43.80201, -20.89083]]]}",,,,0.0,2331,0,328,0,0.37177033492822964,0.052312599681020734
3119401,262,252,7618,0.1153822852296134,CORONEL FABRICIANO,31,MG,Minas Gerais,2010-08-26 00:00:00,LT52170742010238CUB00,LT05_L2SP_217074_20100826_20200823_02_T1,0,"{'type': 'Polygon', 'coordinates': [[[-43.80201, -21.14653], [-43.80201, -19.30418], [-41.68284, -19.30418], [-41.68284, -21.14653], [-43.80201, -21.14653]]]}","{'type': 'Polygon', 'coordinates': [[[-43.80201, -20.89083], [-42.04345, -21.14653], [-41.68284, -19.55736], [-43.42417, -19.30418], [-43.80201, -20.89083]]]}",Coronel Fabriciano,39.0,Vale do Aço,1.0,3133,405,4485,1938,0.09490488307282201,0.13585968738640494
3124104,280,593,1037,0.0062454830161406,ESMERALDAS,31,MG,Minas Gerais,2010-09-18 00:00:00,LT52180742010261CUB00,LT05_L2SP_218074_20100918_20200823_02_T1,0,"{'type': 'Polygon', 'coordinates': [[[-45.36855, -21.14803], [-45.36855, -19.30568], [-43.24936, -19.30568], [-43.24936, -21.14803], [-45.36855, -21.14803]]]}","{'type': 'Polygon', 'coordinates': [[[-45.36855, -20.89233], [-43.60997, -21.14803], [-43.24936, -19.55887], [-44.9907, -19.30568], [-45.36855, -20.89233]]]}",Esmeraldas,8.0,Belo Horizonte,1.0,204,0,833,0,0.0024613899613899616,0.010016835016835016
3129806,143,149,1739,0.0816163702069742,IBIRITÉ,31,MG,Minas Gerais,2010-09-18 00:00:00,LT52180742010261CUB00,LT05_L2SP_218074_20100918_20200823_02_T1,0,"{'type': 'Polygon', 'coordinates': [[[-45.36855, -21.14803], [-45.36855, -19.30568], [-43.24936, -19.30568], [-43.24936, -21.14803], [-45.36855, -21.14803]]]}","{'type': 'Polygon', 'coordinates': [[[-45.36855, -20.89233], [-43.60997, -21.14803], [-43.24936, -19.55887], [-44.9907, -19.30568], [-45.36855, -20.89233]]]}",Ibirité,8.0,Belo Horizonte,1.0,802,139,937,12,0.07578907578907579,0.08736596736596737
3131703,98,110,462,0.0428571428571428,ITABIRA,31,MG,Minas Gerais,2010-08-26 00:00:00,LT52170742010238CUB00,LT05_L2SP_217074_20100826_20200823_02_T1,0,"{'type': 'Polygon', 'coordinates': [[[-43.80201, -21.14653], [-43.80201, -19.30418], [-41.68284, -19.30418], [-41.68284, -21.14653], [-43.80201, -21.14653]]]}","{'type': 'Polygon', 'coordinates': [[[-43.80201, -20.89083], [-42.04345, -21.14653], [-41.68284, -19.55736], [-43.42417, -19.30418], [-43.80201, -20.89083]]]}",,,,0.0,265,0,197,0,0.04916512059369202,0.03654916512059369
3135209,34,33,52,0.0463458110516934,JANUÁRIA,31,MG,Minas Gerais,2010-09-25 00:00:00,LT52190712010268CUB00,LT05_L2SP_219071_20100925_20200823_02_T1,0,"{'type': 'Polygon', 'coordinates': [[[-45.90124, -16.80919], [-45.90124, -14.97141], [-43.83595, -14.97141], [-43.83595, -16.80919], [-45.90124, -16.80919]]]}","{'type': 'Polygon', 'coordinates': [[[-45.90124, -16.55983], [-44.18624, -16.80919], [-43.83595, -15.21888], [-45.53793, -14.97141], [-45.90124, -16.55983]]]}",,,,0.0,52,0,0,0,0.09558823529411764,0.0
3136702,586,482,1013,0.0035864500870944,JUIZ DE FORA,31,MG,Minas Gerais,2010-08-26 00:00:00,LT52170752010238CUB00,LT05_L2SP_217075_20100826_20200823_02_T1,0,"{'type': 'Polygon', 'coordinates': [[[-44.14845, -22.58338], [-44.14845, -20.73922], [-42.00792, -20.73922], [-42.00792, -22.58338], [-44.14845, -22.58338]]]}","{'type': 'Polygon', 'coordinates': [[[-44.14845, -22.3252], [-42.37276, -22.58338], [-42.00792, -20.99468], [-43.76486, -20.73922], [-44.14845, -22.3252]]]}",,,,0.0,569,440,444,185,0.004029003158058714,0.003143897016130174
3139409,58,34,34,0.0172413793103448,MANHUAÇU,31,MG,Minas Gerais,2010-08-26 00:00:00,LT52170742010238CUB00,LT05_L2SP_217074_20100826_20200823_02_T1,0,"{'type': 'Polygon', 'coordinates': [[[-43.80201, -21.14653], [-43.80201, -19.30418], [-41.68284, -19.30418], [-41.68284, -21.14653], [-43.80201, -21.14653]]]}","{'type': 'Polygon', 'coordinates': [[[-43.80201, -20.89083], [-42.04345, -21.14653], [-41.68284, -19.55736], [-43.42417, -19.30418], [-43.80201, -20.89083]]]}",,,,0.0,24,0,10,0,0.02434077079107505,0.010141987829614604
3139508,77,48,449,0.1214826839826839,MANHUMIRIM,31,MG,Minas Gerais,2010-08-26 00:00:00,LT52170742010238CUB00,LT05_L2SP_217074_20100826_20200823_02_T1,0,"{'type': 'Polygon', 'coordinates': [[[-43.80201, -21.14653], [-43.80201, -19.30418], [-41.68284, -19.30418], [-41.68284, -21.14653], [-43.80201, -21.14653]]]}","{'type': 'Polygon', 'coordinates': [[[-43.80201, -20.89083], [-42.04345, -21.14653], [-41.68284, -19.55736], [-43.42417, -19.30418], [-43.80201, -20.89083]]]}",,,,0.0,116,0,333,0,0.06277056277056277,0.18019480519480519
3143302,341,158,860,0.0159619881955529,MONTES CLAROS,31,MG,Minas Gerais,2010-09-18 00:00:00,LT52180722010261CUB00,LT05_L2SP_218072_20100918_20200823_02_T1,0,"{'type': 'Polygon', 'coordinates': [[[-44.68905, -18.26487], [-44.68905, -16.4257], [-42.60738, -16.4257], [-42.60738, -18.26487], [-44.68905, -18.26487]]]}","{'type': 'Polygon', 'coordinates': [[[-44.68905, -18.01357], [-42.96074, -18.26487], [-42.60738, -16.6749], [-44.3213, -16.4257], [-44.68905, -18.01357]]]}",,,,0.0,469,134,391,47,0.017409703403986784,0.014514272987119046
3147105,66,41,424,0.1566888396156688,PARÁ DE MINAS,31,MG,Minas Gerais,2010-09-18 00:00:00,LT52180742010261CUB00,LT05_L2SP_218074_20100918_20200823_02_T1,0,"{'type': 'Polygon', 'coordinates': [[[-45.36855, -21.14803], [-45.36855, -19.30568], [-43.24936, -19.30568], [-43.24936, -21.14803], [-45.36855, -21.14803]]]}","{'type': 'Polygon', 'coordinates': [[[-45.36855, -20.89233], [-43.60997, -21.14803], [-43.24936, -19.55887], [-44.9907, -19.30568], [-45.36855, -20.89233]]]}",Pará de Minas,8.0,Belo Horizonte,1.0,318,0,106,0,0.2409090909090909,0.07647907647907648
3147907,74,47,239,0.0687176538240368,PASSOS,31,MG,Minas Gerais,2010-08-24 00:00:00,LT52190742010236CUB00,LT05_L2SP_219074_20100824_20200823_02_T1,0,"{'type': 'Polygon', 'coordinates': [[[-46.89205, -21.14987], [-46.89205, -19.30752], [-44.77284, -19.30752], [-44.77284, -21.14987], [-46.89205, -21.14987]]]}","{'type': 'Polygon', 'coordinates': [[[-46.89205, -20.89417], [-45.13345, -21.14987], [-44.77284, -19.56071], [-46.5142, -19.30752], [-46.89205, -20.89417]]]}",,,,0.0,0,0,239,0,0.0,0.13457207207207209
3154606,266,594,2773,0.0175501886028201,RIBEIRÃO DAS NEVES,31,MG,Minas Gerais,2010-09-18 00:00:00,LT52180742010261CUB00,LT05_L2SP_218074_20100918_20200823_02_T1,0,"{'type': 'Polygon', 'coordinates': [[[-45.36855, -21.14803], [-45.36855, -19.30568], [-43.24936, -19.30568], [-43.24936, -21.14803], [-45.36855, -21.14803]]]}","{'type': 'Polygon', 'coordinates': [[[-45.36855, -20.89233], [-43.60997, -21.14803], [-43.24936, -19.55887], [-44.9907, -19.30568], [-45.36855, -20.89233]]]}",Ribeirão das Neves,8.0,Belo Horizonte,1.0,1766,736,1007,317,0.022353864459127615,0.012746512746512747
3156700,219,338,3006,0.0406095485126043,SABARÁ,31,MG,Minas Gerais,2010-09-18 00:00:00,LT52180742010261CUB00,LT05_L2SP_218074_20100918_20200823_02_T1,0,"{'type': 'Polygon', 'coordinates': [[[-45.36855, -21.14803], [-45.36855, -19.30568], [-43.24936, -19.30568], [-43.24936, -21.14803], [-45.36855, -21.14803]]]}","{'type': 'Polygon', 'coordinates': [[[-45.36855, -20.89233], [-43.60997, -21.14803], [-43.24936, -19.55887], [-44.9907, -19.30568], [-45.36855, -20.89233]]]}",Sabará,8.0,Belo Horizonte,1.0,2438,653,568,159,0.06587230823268758,0.015346788792521143
3157807,321,416,11667,0.0873696980589504,SANTA LUZIA,31,MG,Minas Gerais,2010-09-18 00:00:00,LT52180742010261CUB00,LT05_L2SP_218074_20100918_20200823_02_T1,0,"{'type': 'Polygon', 'coordinates': [[[-45.36855, -21.14803], [-45.36855, -19.30568], [-43.24936, -19.30568], [-43.24936, -21.14803], [-45.36855, -21.14803]]]}","{'type': 'Polygon', 'coordinates': [[[-45.36855, -20.89233], [-43.60997, -21.14803], [-43.24936, -19.55887], [-44.9907, -19.30568], [-45.36855, -20.89233]]]}",Santa Luzia,8.0,Belo Horizonte,1.0,11543,8036,124,0,0.17288221902707884,0.0018571770908219507
3162955,87,59,77,0.0150009740892265,SÃO JOSÉ DA LAPA,31,MG,Minas Gerais,2010-09-18 00:00:00,LT52180742010261CUB00,LT05_L2SP_218074_20100918_20200823_02_T1,0,"{'type': 'Polygon', 'coordinates': [[[-45.36855, -21.14803], [-45.36855, -19.30568], [-43.24936, -19.30568], [-43.24936, -21.14803], [-45.36855, -21.14803]]]}","{'type': 'Polygon', 'coordinates': [[[-45.36855, -20.89233], [-43.60997, -21.14803], [-43.24936, -19.55887], [-44.9907, -19.30568], [-45.36855, -20.89233]]]}",São José da Lapa,8.0,Belo Horizonte,1.0,77,0,0,0,0.030519223147047168,0.0
3168705,325,475,17016,0.1102251012145749,TIMÓTEO,31,MG,Minas Gerais,2010-08-26 00:00:00,LT52170742010238CUB00,LT05_L2SP_217074_20100826_20200823_02_T1,0,"{'type': 'Polygon', 'coordinates': [[[-43.80201, -21.14653], [-43.80201, -19.30418], [-41.68284, -19.30418], [-41.68284, -21.14653], [-43.80201, -21.14653]]]}","{'type': 'Polygon', 'coordinates': [[[-43.80201, -20.89083], [-42.04345, -21.14653], [-41.68284, -19.55736], [-43.42417, -19.30418], [-43.80201, -20.89083]]]}",Timóteo,39.0,Vale do Aço,1.0,12015,9976,5001,1019,0.15598831548198636,0.06465416936005171
3300209,730,444,7384,0.0227816857953844,ARARUAMA,33,RJ,Rio de Janeiro,2010-09-04 00:00:00,LT52160762010247CUB00,LT05_L2SP_216076_20100904_20200823_02_T1,0,"{'type': 'Polygon', 'coordinates': [[[-42.96881, -24.03136], [-42.96881, -22.18522], [-40.80483, -22.18522], [-40.80483, -24.03136], [-42.96881, -24.03136]]]}","{'type': 'Polygon', 'coordinates': [[[-42.96881, -23.77045], [-41.1744, -24.03136], [-40.80483, -22.44317], [-42.5789, -22.18522], [-42.96881, -23.77045]]]}",,,,0.0,3001,1989,4383,3631,0.018517832901394544,0.027045538689374305
3300233,63,280,124,0.0070294784580498,ARMAÇÃO DOS BÚZIOS,33,RJ,Rio de Janeiro,2010-09-04 00:00:00,LT52160762010247CUB00,LT05_L2SP_216076_20100904_20200823_02_T1,0,"{'type': 'Polygon', 'coordinates': [[[-42.96881, -24.03136], [-42.96881, -22.18522], [-40.80483, -22.18522], [-40.80483, -24.03136], [-42.96881, -24.03136]]]}","{'type': 'Polygon', 'coordinates': [[[-42.96881, -23.77045], [-41.1744, -24.03136], [-40.80483, -22.44317], [-42.5789, -22.18522], [-42.96881, -23.77045]]]}",,,,0.0,124,0,0,0,0.014058956916099773,0.0
3300258,28,48,482,0.3586309523809524,ARRAIAL DO CABO,33,RJ,Rio de Janeiro,2010-09-04 00:00:00,LT52160762010247CUB00,LT05_L2SP_216076_20100904_20200823_02_T1,0,"{'type': 'Polygon', 'coordinates': [[[-42.96881, -24.03136], [-42.96881, -22.18522], [-40.80483, -22.18522], [-40.80483, -24.03136], [-42.96881, -24.03136]]]}","{'type': 'Polygon', 'coordinates': [[[-42.96881, -23.77045], [-41.1744, -24.03136], [-40.80483, -22.44317], [-42.5789, -22.18522], [-42.96881, -23.77045]]]}",,,,0.0,173,0,309,0,0.25744047619047616,0.45982142857142855
3301009,699,525,2765,0.0075345731998092,CAMPOS DOS GOYTACAZES,33,RJ,Rio de Janeiro,2010-09-04 00:00:00,LT52160752010247CUB00,LT05_L2SP_216075_20100904_20200823_02_T1,0,"{'type': 'Polygon', 'coordinates': [[[-42.61461, -22.58671], [-42.61461, -20.74255], [-40.47403, -20.74255], [-40.47403, -22.58671], [-42.61461, -22.58671]]]}","{'type': 'Polygon', 'coordinates': [[[-42.61461, -22.32852], [-40.83888, -22.58671], [-40.47403, -20.99801], [-42.23101, -20.74255], [-42.61461, -22.32852]]]}",,,,0.0,1660,1404,1105,800,0.009064202950780286,0.006010759531541529
3301306,378,745,877,0.003114236000142,CASIMIRO DE ABREU,33,RJ,Rio de Janeiro,2010-09-04 00:00:00,LT52160762010247CUB00,LT05_L2SP_216076_20100904_20200823_02_T1,0,"{'type': 'Polygon', 'coordinates': [[[-42.96881, -24.03136], [-42.96881, -22.18522], [-40.80483, -22.18522], [-40.80483, -24.03136], [-42.96881, -24.03136]]]}","{'type': 'Polygon', 'coordinates': [[[-42.96881, -23.77045], [-41.1744, -24.03136], [-40.80483, -22.44317], [-42.5789, -22.18522], [-42.96881, -23.77045]]]}",,,,0.0,0,0,877,0,0.0,0.0062201228421067565
3302403,312,171,8799,0.164923526765632,MACAÉ,33,RJ,Rio de Janeiro,2010-09-04 00:00:00,LT52160752010247CUB00,LT05_L2SP_216075_20100904_20200823_02_T1,0,"{'type': 'Polygon', 'coordinates': [[[-42.61461, -22.58671], [-42.61461, -20.74255], [-40.47403, -20.74255], [-40.47403, -22.58671], [-42.61461, -22.58671]]]}","{'type': 'Polygon', 'coordinates': [[[-42.61461, -22.32852], [-40.83888, -22.58671], [-40.47403, -20.99801], [-42.23101, -20.74255], [-42.61461, -22.32852]]]}",,,,0.0,5993,2843,2806,789,0.22598039215686275,0.10457662492546213
3303401,21,24,20,0.0396825396825396,NOVA FRIBURGO,33,RJ,Rio de Janeiro,2010-09-04 00:00:00,LT52160752010247CUB00,LT05_L2SP_216075_20100904_20200823_02_T1,0,"{'type': 'Polygon', 'coordinates': [[[-42.61461, -22.58671], [-42.61461, -20.74255], [-40.47403, -20.74255], [-40.47403, -22.58671], [-42.61461, -22.58671]]]}","{'type': 'Polygon', 'coordinates': [[[-42.61461, -22.32852], [-40.83888, -22.58671], [-40.47403, -20.99801], [-42.23101, -20.74255], [-42.61461, -22.32852]]]}",,,,0.0,0,0,20,0,0.0,0.07936507936507936
3303955,103,108,207,0.0186084142394822,PINHEIRAL,33,RJ,Rio de Janeiro,2010-09-02 00:00:00,LT52180752010245CUB00,LT05_L2SP_218075_20100902_20200823_02_T1,0,"{'type': 'Polygon', 'coordinates': [[[-45.70264, -22.58821], [-45.70264, -20.74405], [-43.56204, -20.74405], [-43.56204, -22.58821], [-45.70264, -22.58821]]]}","{'type': 'Polygon', 'coordinates': [[[-45.70264, -22.33002], [-43.92689, -22.58821], [-43.56204, -20.99951], [-45.31903, -20.74405], [-45.70264, -22.33002]]]}",,,,0.0,207,0,0,0,0.0372168284789644,0.0
3304300,75,375,250,0.0088888888888888,RIO BONITO,33,RJ,Rio de Janeiro,2010-09-04 00:00:00,LT52160762010247CUB00,LT05_L2SP_216076_20100904_20200823_02_T1,0,"{'type': 'Polygon', 'coordinates': [[[-42.96881, -24.03136], [-42.96881, -22.18522], [-40.80483, -22.18522], [-40.80483, -24.03136], [-42.96881, -24.03136]]]}","{'type': 'Polygon', 'coordinates': [[[-42.96881, -23.77045], [-41.1744, -24.03136], [-40.80483, -22.44317], [-42.5789, -22.18522], [-42.96881, -23.77045]]]}",,,,0.0,119,0,131,0,0.008484848484848486,0.00929078014184397
3304524,186,118,1019,0.0464279205394569,RIO DAS OSTRAS,33,RJ,Rio de Janeiro,2010-09-04 00:00:00,LT52160762010247CUB00,LT05_L2SP_216076_20100904_20200823_02_T1,0,"{'type': 'Polygon', 'coordinates': [[[-42.96881, -24.03136], [-42.96881, -22.18522], [-40.80483, -22.18522], [-40.80483, -24.03136], [-42.96881, -24.03136]]]}","{'type': 'Polygon', 'coordinates': [[[-42.96881, -23.77045], [-41.1744, -24.03136], [-40.80483, -22.44317], [-42.5789, -22.18522], [-42.96881, -23.77045]]]}",,,,0.0,261,0,758,0,0.023783488244942592,0.0690723528339712
3305208,123,452,829,0.0149111446866681,SÃO PEDRO DA ALDEIA,33,RJ,Rio de Janeiro,2010-09-04 00:00:00,LT52160762010247CUB00,LT05_L2SP_216076_20100904_20200823_02_T1,0,"{'type': 'Polygon', 'coordinates': [[[-42.96881, -24.03136], [-42.96881, -22.18522], [-40.80483, -22.18522], [-40.80483, -24.03136], [-42.96881, -24.03136]]]}","{'type': 'Polygon', 'coordinates': [[[-42.96881, -23.77045], [-41.1744, -24.03136], [-40.80483, -22.44317], [-42.5789, -22.18522], [-42.96881, -23.77045]]]}",,,,0.0,71,0,758,34,0.002554140585653644,0.027268148787682567
3305604,83,37,1120,0.3647020514490394,SILVA JARDIM,33,RJ,Rio de Janeiro,2010-09-04 00:00:00,LT52160762010247CUB00,LT05_L2SP_216076_20100904_20200823_02_T1,0,"{'type': 'Polygon', 'coordinates': [[[-42.96881, -24.03136], [-42.96881, -22.18522], [-40.80483, -22.18522], [-40.80483, -24.03136], [-42.96881, -24.03136]]]}","{'type': 'Polygon', 'coordinates': [[[-42.96881, -23.77045], [-41.1744, -24.03136], [-40.80483, -22.44317], [-42.5789, -22.18522], [-42.96881, -23.77045]]]}",,,,0.0,289,0,831,0,0.1934404283801874,0.5269499048826887
3305802,1191,922,9438,0.008594829988471,TERESÓPOLIS,33,RJ,Rio de Janeiro,2010-08-26 00:00:00,LT52170752010238CUB00,LT05_L2SP_217075_20100826_20200823_02_T1,0,"{'type': 'Polygon', 'coordinates': [[[-44.14845, -22.58338], [-44.14845, -20.73922], [-42.00792, -20.73922], [-42.00792, -22.58338], [-44.14845, -22.58338]]]}","{'type': 'Polygon', 'coordinates': [[[-44.14845, -22.3252], [-42.37276, -22.58338], [-42.00792, -20.99468], [-43.76486, -20.73922], [-44.14845, -22.3252]]]}",,,,0.0,8488,6780,950,231,0.015459401767777492,0.0017302582091645402
3306107,75,1254,14,0.0001488569909622,VALENÇA,33,RJ,Rio de Janeiro,2010-08-26 00:00:00,LT52170752010238CUB00,LT05_L2SP_217075_20100826_20200823_02_T1,0,"{'type': 'Polygon', 'coordinates': [[[-44.14845, -22.58338], [-44.14845, -20.73922], [-42.00792, -20.73922], [-42.00792, -22.58338], [-44.14845, -22.58338]]]}","{'type': 'Polygon', 'coordinates': [[[-44.14845, -22.3252], [-42.37276, -22.58338], [-42.00792, -20.99468], [-43.76486, -20.73922], [-44.14845, -22.3252]]]}",,,,0.0,14,0,0,0,0.00029771398192450824,0.0
3306305,275,385,5885,0.0555844155844155,VOLTA REDONDA,33,RJ,Rio de Janeiro,2010-09-02 00:00:00,LT52180752010245CUB00,LT05_L2SP_218075_20100902_20200823_02_T1,0,"{'type': 'Polygon', 'coordinates': [[[-45.70264, -22.58821], [-45.70264, -20.74405], [-43.56204, -20.74405], [-43.56204, -22.58821], [-45.70264, -22.58821]]]}","{'type': 'Polygon', 'coordinates': [[[-45.70264, -22.33002], [-43.92689, -22.58821], [-43.56204, -20.99951], [-45.31903, -20.74405], [-45.70264, -22.33002]]]}",,,,0.0,2786,1898,3099,2374,0.052765151515151515,0.05838907206782854
3504107,27,106,120,0.0419287211740041,ATIBAIA,35,SP,São Paulo,2010-08-24 00:00:00,LT52190762010236CUB00,LT05_L2SP_219076_20100824_20200823_02_T1,0,"{'type': 'Polygon', 'coordinates': [[[-47.59278, -24.03146], [-47.59278, -22.18532], [-45.4288, -22.18532], [-45.4288, -24.03146], [-47.59278, -24.03146]]]}","{'type': 'Polygon', 'coordinates': [[[-47.59278, -23.77055], [-45.79837, -24.03146], [-45.4288, -22.44327], [-47.20287, -22.18532], [-47.59278, -23.77055]]]}",,,,0.0,120,0,0,0,0.08385744234800839,0.0
3505708,258,305,914,0.0116151988816876,BARUERI,35,SP,São Paulo,2010-08-24 00:00:00,LT52190762010236CUB00,LT05_L2SP_219076_20100824_20200823_02_T1,0,"{'type': 'Polygon', 'coordinates': [[[-47.59278, -24.03146], [-47.59278, -22.18532], [-45.4288, -22.18532], [-45.4288, -24.03146], [-47.59278, -24.03146]]]}","{'type': 'Polygon', 'coordinates': [[[-47.59278, -23.77055], [-45.79837, -24.03146], [-45.4288, -22.44327], [-47.20287, -22.18532], [-47.59278, -23.77055]]]}",Barueri,36.0,São Paulo,1.0,163,0,751,163,0.0041564667482660135,0.01902518113188428
3506003,317,363,897,0.0077951873191334,BAURU,35,SP,São Paulo,2010-10-09 00:00:00,LT52210752010282COA00,LT05_L2SP_221075_20101009_20200823_02_T1,0,"{'type': 'Polygon', 'coordinates': [[[-50.35831, -22.58292], [-50.35831, -20.73877], [-48.21779, -20.73877], [-48.21779, -22.58292], [-50.35831, -22.58292]]]}","{'type': 'Polygon', 'coordinates': [[[-50.35831, -22.32474], [-48.58263, -22.58292], [-48.21779, -20.99422], [-49.97472, -20.73877], [-50.35831, -22.32474]]]}",,,,0.0,302,100,595,63,0.005263433082942643,0.01031303081776268
3506359,497,1142,15602,0.0274889265540704,BERTIOGA,35,SP,São Paulo,2010-08-24 00:00:00,LT52190762010236CUB00,LT05_L2SP_219076_20100824_20200823_02_T1,0,"{'type': 'Polygon', 'coordinates': [[[-47.59278, -24.03146], [-47.59278, -22.18532], [-45.4288, -22.18532], [-45.4288, -24.03146], [-47.59278, -24.03146]]]}","{'type': 'Polygon', 'coordinates': [[[-47.59278, -23.77055], [-45.79837, -24.03146], [-45.4288, -22.44327], [-47.20287, -22.18532], [-47.59278, -23.77055]]]}",Bertioga,6.0,Baixada Santista,1.0,15535,13525,67,0,0.054741760545761436,0.00023609256237953113
3508504,103,101,557,0.0535422474286263,CAÇAPAVA,35,SP,São Paulo,2010-08-24 00:00:00,LT52190762010236CUB00,LT05_L2SP_219076_20100824_20200823_02_T1,0,"{'type': 'Polygon', 'coordinates': [[[-47.59278, -24.03146], [-47.59278, -22.18532], [-45.4288, -22.18532], [-45.4288, -24.03146], [-47.59278, -24.03146]]]}","{'type': 'Polygon', 'coordinates': [[[-47.59278, -23.77055], [-45.79837, -24.03146], [-45.4288, -22.44327], [-47.20287, -22.18532], [-47.59278, -23.77055]]]}",,,,0.0,474,0,83,0,0.09203883495145632,0.015800494955263658
3509007,188,94,83,0.0046966953372566,CAIEIRAS,35,SP,São Paulo,2010-08-24 00:00:00,LT52190762010236CUB00,LT05_L2SP_219076_20100824_20200823_02_T1,0,"{'type': 'Polygon', 'coordinates': [[[-47.59278, -24.03146], [-47.59278, -22.18532], [-45.4288, -22.18532], [-45.4288, -24.03146], [-47.59278, -24.03146]]]}","{'type': 'Polygon', 'coordinates': [[[-47.59278, -23.77055], [-45.79837, -24.03146], [-45.4288, -22.44327], [-47.20287, -22.18532], [-47.59278, -23.77055]]]}",Caieiras,36.0,São Paulo,1.0,30,0,53,0,0.0033952014486192846,0.00599818922589407
3509205,239,135,208,0.0064466139779947,CAJAMAR,35,SP,São Paulo,2010-08-24 00:00:00,LT52190762010236CUB00,LT05_L2SP_219076_20100824_20200823_02_T1,0,"{'type': 'Polygon', 'coordinates': [[[-47.59278, -24.03146], [-47.59278, -22.18532], [-45.4288, -22.18532], [-45.4288, -24.03146], [-47.59278, -24.03146]]]}","{'type': 'Polygon', 'coordinates': [[[-47.59278, -23.77055], [-45.79837, -24.03146], [-45.4288, -22.44327], [-47.20287, -22.18532], [-47.59278, -23.77055]]]}",Cajamar,36.0,São Paulo,1.0,124,22,84,0,0.007743708237057391,0.005168594634506522
3509502,809,614,16685,0.0335899469727777,CAMPINAS,35,SP,São Paulo,2010-08-24 00:00:00,LT52190762010236CUB00,LT05_L2SP_219076_20100824_20200823_02_T1,0,"{'type': 'Polygon', 'coordinates': [[[-47.59278, -24.03146], [-47.59278, -22.18532], [-45.4288, -22.18532], [-45.4288, -24.03146], [-47.59278, -24.03146]]]}","{'type': 'Polygon', 'coordinates': [[[-47.59278, -23.77055], [-45.79837, -24.03146], [-45.4288, -22.44327], [-47.20287, -22.18532], [-47.59278, -23.77055]]]}",Campinas,10.0,Campinas,1.0,11889,10116,4796,4363,0.047869449153054196,0.0193104447925013
3510401,94,139,480,0.0367365681922547,CAPIVARI,35,SP,São Paulo,2010-11-19 00:00:00,LT52200762010323CUB00,LT05_L2SP_220076_20101119_20200823_02_T1,0,"{'type': 'Polygon', 'coordinates': [[[-49.15754, -24.03346], [-49.15754, -22.18732], [-46.99353, -22.18732], [-46.99353, -24.03346], [-49.15754, -24.03346]]]}","{'type': 'Polygon', 'coordinates': [[[-49.15754, -23.77255], [-47.36311, -24.03346], [-46.99353, -22.44527], [-48.76763, -22.18732], [-49.15754, -23.77255]]]}",,,,0.0,371,8,109,0,0.05720012334258403,0.01656534954407295
3512803,44,15,49,0.0742424242424242,COSMÓPOLIS,35,SP,São Paulo,2010-11-19 00:00:00,LT52200762010323CUB00,LT05_L2SP_220076_20101119_20200823_02_T1,0,"{'type': 'Polygon', 'coordinates': [[[-49.15754, -24.03346], [-49.15754, -22.18732], [-46.99353, -22.18732], [-46.99353, -24.03346], [-49.15754, -24.03346]]]}","{'type': 'Polygon', 'coordinates': [[[-49.15754, -23.77255], [-47.36311, -24.03346], [-46.99353, -22.44527], [-48.76763, -22.18732], [-49.15754, -23.77255]]]}",Cosmópolis,10.0,Campinas,1.0,24,0,25,0,0.07792207792207792,0.07102272727272728
3513009,80,381,60,0.0019685039370078,COTIA,35,SP,São Paulo,2010-08-24 00:00:00,LT52190762010236CUB00,LT05_L2SP_219076_20100824_20200823_02_T1,0,"{'type': 'Polygon', 'coordinates': [[[-47.59278, -24.03146], [-47.59278, -22.18532], [-45.4288, -22.18532], [-45.4288, -24.03146], [-47.59278, -24.03146]]]}","{'type': 'Polygon', 'coordinates': [[[-47.59278, -23.77055], [-45.79837, -24.03146], [-45.4288, -22.44327], [-47.20287, -22.18532], [-47.59278, -23.77055]]]}",Cotia,36.0,São Paulo,1.0,36,6,24,0,0.002368421052631579,0.0015706806282722514
3515004,222,250,2188,0.0394234234234234,EMBU,35,SP,São Paulo,2010-08-24 00:00:00,LT52190762010236CUB00,LT05_L2SP_219076_20100824_20200823_02_T1,0,"{'type': 'Polygon', 'coordinates': [[[-47.59278, -24.03146], [-47.59278, -22.18532], [-45.4288, -22.18532], [-45.4288, -24.03146], [-47.59278, -24.03146]]]}","{'type': 'Polygon', 'coordinates': [[[-47.59278, -23.77055], [-45.79837, -24.03146], [-45.4288, -22.44327], [-47.20287, -22.18532], [-47.59278, -23.77055]]]}",Embu,36.0,São Paulo,1.0,374,81,1814,464,0.013477477477477478,0.06536936936936937
3515707,171,143,1116,0.0456385719543614,FERRAZ DE VASCONCELOS,35,SP,São Paulo,2010-08-24 00:00:00,LT52190762010236CUB00,LT05_L2SP_219076_20100824_20200823_02_T1,0,"{'type': 'Polygon', 'coordinates': [[[-47.59278, -24.03146], [-47.59278, -22.18532], [-45.4288, -22.18532], [-45.4288, -24.03146], [-47.59278, -24.03146]]]}","{'type': 'Polygon', 'coordinates': [[[-47.59278, -23.77055], [-45.79837, -24.03146], [-45.4288, -22.44327], [-47.20287, -22.18532], [-47.59278, -23.77055]]]}",Ferraz de Vasconcelos,36.0,São Paulo,1.0,816,4,300,28,0.0672102792191747,0.024366471734892786
3516309,108,234,627,0.0248100664767331,FRANCISCO MORATO,35,SP,São Paulo,2010-08-24 00:00:00,LT52190762010236CUB00,LT05_L2SP_219076_20100824_20200823_02_T1,0,"{'type': 'Polygon', 'coordinates': [[[-47.59278, -24.03146], [-47.59278, -22.18532], [-45.4288, -22.18532], [-45.4288, -24.03146], [-47.59278, -24.03146]]]}","{'type': 'Polygon', 'coordinates': [[[-47.59278, -23.77055], [-45.79837, -24.03146], [-45.4288, -22.44327], [-47.20287, -22.18532], [-47.59278, -23.77055]]]}",Francisco Morato,36.0,São Paulo,1.0,334,164,293,41,0.02643241532130421,0.023187717632162076
3516408,109,195,1180,0.0555163490943307,FRANCO DA ROCHA,35,SP,São Paulo,2010-08-24 00:00:00,LT52190762010236CUB00,LT05_L2SP_219076_20100824_20200823_02_T1,0,"{'type': 'Polygon', 'coordinates': [[[-47.59278, -24.03146], [-47.59278, -22.18532], [-45.4288, -22.18532], [-45.4288, -24.03146], [-47.59278, -24.03146]]]}","{'type': 'Polygon', 'coordinates': [[[-47.59278, -23.77055], [-45.79837, -24.03146], [-45.4288, -22.44327], [-47.20287, -22.18532], [-47.59278, -23.77055]]]}",Franco da Rocha,36.0,São Paulo,1.0,183,24,997,11,0.01730823796462688,0.09333458153903763
3519071,156,179,276,0.0098839707778255,HORTOLÂNDIA,35,SP,São Paulo,2010-11-19 00:00:00,LT52200762010323CUB00,LT05_L2SP_220076_20101119_20200823_02_T1,0,"{'type': 'Polygon', 'coordinates': [[[-49.15754, -24.03346], [-49.15754, -22.18732], [-46.99353, -22.18732], [-46.99353, -24.03346], [-49.15754, -24.03346]]]}","{'type': 'Polygon', 'coordinates': [[[-49.15754, -23.77255], [-47.36311, -24.03346], [-46.99353, -22.44527], [-48.76763, -22.18732], [-49.15754, -23.77255]]]}",Hortolândia,10.0,Campinas,1.0,52,0,224,0,0.003745318352059925,0.015954415954415956
3519501,23,47,35,0.032377428307123,IBIRAREMA,35,SP,São Paulo,2010-08-22 00:00:00,LT52210762010234CUB00,LT05_L2SP_221076_20100822_20200824_02_T1,0,"{'type': 'Polygon', 'coordinates': [[[-50.683, -24.03569], [-50.683, -22.18954], [-48.51896, -22.18954], [-48.51896, -24.03569], [-50.683, -24.03569]]]}","{'type': 'Polygon', 'coordinates': [[[-50.683, -23.77477], [-48.88854, -24.03569], [-48.51896, -22.44749], [-50.29308, -22.18954], [-50.683, -23.77477]]]}",,,,0.0,0,0,35,0,0.0,0.06340579710144928
3522208,174,254,364,0.0082360394605846,ITAPECERICA DA SERRA,35,SP,São Paulo,2010-08-24 00:00:00,LT52190762010236CUB00,LT05_L2SP_219076_20100824_20200823_02_T1,0,"{'type': 'Polygon', 'coordinates': [[[-47.59278, -24.03146], [-47.59278, -22.18532], [-45.4288, -22.18532], [-45.4288, -24.03146], [-47.59278, -24.03146]]]}","{'type': 'Polygon', 'coordinates': [[[-47.59278, -23.77055], [-45.79837, -24.03146], [-45.4288, -22.44327], [-47.20287, -22.18532], [-47.59278, -23.77055]]]}",Itapecerica da Serra,36.0,São Paulo,1.0,41,0,323,0,0.0018553715268350077,0.014616707394334329
3522505,94,112,105,0.0099734042553191,ITAPEVI,35,SP,São Paulo,2010-08-24 00:00:00,LT52190762010236CUB00,LT05_L2SP_219076_20100824_20200823_02_T1,0,"{'type': 'Polygon', 'coordinates': [[[-47.59278, -24.03146], [-47.59278, -22.18532], [-45.4288, -22.18532], [-45.4288, -24.03146], [-47.59278, -24.03146]]]}","{'type': 'Polygon', 'coordinates': [[[-47.59278, -23.77055], [-45.79837, -24.03146], [-45.4288, -22.44327], [-47.20287, -22.18532], [-47.59278, -23.77055]]]}",Itapevi,36.0,São Paulo,1.0,81,0,24,0,0.015387537993920973,0.004559270516717325
3523909,444,102,193,0.0042616145557322,ITU,35,SP,São Paulo,2010-11-19 00:00:00,LT52200762010323CUB00,LT05_L2SP_220076_20101119_20200823_02_T1,0,"{'type': 'Polygon', 'coordinates': [[[-49.15754, -24.03346], [-49.15754, -22.18732], [-46.99353, -22.18732], [-46.99353, -24.03346], [-49.15754, -24.03346]]]}","{'type': 'Polygon', 'coordinates': [[[-49.15754, -23.77255], [-47.36311, -24.03346], [-46.99353, -22.44527], [-48.76763, -22.18732], [-49.15754, -23.77255]]]}",,,,0.0,129,0,64,0,0.005696873343932167,0.0028263557675322383
3524402,471,505,4466,0.0187761451304366,JACAREÍ,35,SP,São Paulo,2010-08-24 00:00:00,LT52190762010236CUB00,LT05_L2SP_219076_20100824_20200823_02_T1,0,"{'type': 'Polygon', 'coordinates': [[[-47.59278, -24.03146], [-47.59278, -22.18532], [-45.4288, -22.18532], [-45.4288, -24.03146], [-47.59278, -24.03146]]]}","{'type': 'Polygon', 'coordinates': [[[-47.59278, -23.77055], [-45.79837, -24.03146], [-45.4288, -22.44327], [-47.20287, -22.18532], [-47.59278, -23.77055]]]}",,,,0.0,438,260,4028,1648,0.0036902234354463655,0.0338024386764348
3525003,61,50,65,0.021311475409836,JANDIRA,35,SP,São Paulo,2010-08-24 00:00:00,LT52190762010236CUB00,LT05_L2SP_219076_20100824_20200823_02_T1,0,"{'type': 'Polygon', 'coordinates': [[[-47.59278, -24.03146], [-47.59278, -22.18532], [-45.4288, -22.18532], [-45.4288, -24.03146], [-47.59278, -24.03146]]]}","{'type': 'Polygon', 'coordinates': [[[-47.59278, -23.77055], [-45.79837, -24.03146], [-45.4288, -22.44327], [-47.20287, -22.18532], [-47.59278, -23.77055]]]}",Jandira,36.0,São Paulo,1.0,40,0,25,0,0.02622950819672131,0.01639344262295082
3525904,402,592,1241,0.0052146362780691,JUNDIAÍ,35,SP,São Paulo,2010-08-24 00:00:00,LT52190762010236CUB00,LT05_L2SP_219076_20100824_20200823_02_T1,0,"{'type': 'Polygon', 'coordinates': [[[-47.59278, -24.03146], [-47.59278, -22.18532], [-45.4288, -22.18532], [-45.4288, -24.03146], [-47.59278, -24.03146]]]}","{'type': 'Polygon', 'coordinates': [[[-47.59278, -23.77055], [-45.79837, -24.03146], [-45.4288, -22.44327], [-47.20287, -22.18532], [-47.59278, -23.77055]]]}",,,,0.0,559,191,682,115,0.004697794809735108,0.0057314777464031194
3526407,46,54,326,0.1312399355877616,LARANJAL PAULISTA,35,SP,São Paulo,2010-11-19 00:00:00,LT52200762010323CUB00,LT05_L2SP_220076_20101119_20200823_02_T1,0,"{'type': 'Polygon', 'coordinates': [[[-49.15754, -24.03346], [-49.15754, -22.18732], [-46.99353, -22.18732], [-46.99353, -24.03346], [-49.15754, -24.03346]]]}","{'type': 'Polygon', 'coordinates': [[[-49.15754, -23.77255], [-47.36311, -24.03346], [-46.99353, -22.44527], [-48.76763, -22.18732], [-49.15754, -23.77255]]]}",,,,0.0,311,0,15,0,0.250402576489533,0.012077294685990338
3529005,421,224,875,0.0092785035629453,MARÍLIA,35,SP,São Paulo,2010-10-09 00:00:00,LT52210752010282COA00,LT05_L2SP_221075_20101009_20200823_02_T1,0,"{'type': 'Polygon', 'coordinates': [[[-50.35831, -22.58292], [-50.35831, -20.73877], [-48.21779, -20.73877], [-48.21779, -22.58292], [-50.35831, -22.58292]]]}","{'type': 'Polygon', 'coordinates': [[[-50.35831, -22.32474], [-48.58263, -22.58292], [-48.21779, -20.99422], [-49.97472, -20.73877], [-50.35831, -22.32474]]]}",,,,0.0,342,63,533,127,0.007253138785205293,0.011303868340685443
3529203,16,39,63,0.1009615384615384,MARTINÓPOLIS,35,SP,São Paulo,2010-09-30 00:00:00,LT52220752010273CUB00,LT05_L2SP_222075_20100930_20200823_02_T2,0,"{'type': 'Polygon', 'coordinates': [[[-51.8996, -22.57975], [-51.8996, -20.7356], [-49.75913, -20.7356], [-49.75913, -22.57975], [-51.8996, -22.57975]]]}","{'type': 'Polygon', 'coordinates': [[[-51.8996, -22.32157], [-50.12396, -22.57975], [-49.75913, -20.99105], [-51.51603, -20.7356], [-51.8996, -22.32157]]]}",,,,0.0,0,0,63,0,0.0,0.196875
3534609,26,46,30,0.0250836120401337,OSVALDO CRUZ,35,SP,São Paulo,2010-09-30 00:00:00,LT52220752010273CUB00,LT05_L2SP_222075_20100930_20200823_02_T2,0,"{'type': 'Polygon', 'coordinates': [[[-51.8996, -22.57975], [-51.8996, -20.7356], [-49.75913, -20.7356], [-49.75913, -22.57975], [-51.8996, -22.57975]]]}","{'type': 'Polygon', 'coordinates': [[[-51.8996, -22.32157], [-50.12396, -22.57975], [-49.75913, -20.99105], [-51.51603, -20.7356], [-51.8996, -22.32157]]]}",,,,0.0,30,0,0,0,0.05016722408026756,0.0
3536505,80,145,109,0.0093965517241379,PAULÍNIA,35,SP,São Paulo,2010-11-19 00:00:00,LT52200762010323CUB00,LT05_L2SP_220076_20101119_20200823_02_T1,0,"{'type': 'Polygon', 'coordinates': [[[-49.15754, -24.03346], [-49.15754, -22.18732], [-46.99353, -22.18732], [-46.99353, -24.03346], [-49.15754, -24.03346]]]}","{'type': 'Polygon', 'coordinates': [[[-49.15754, -23.77255], [-47.36311, -24.03346], [-46.99353, -22.44527], [-48.76763, -22.18732], [-49.15754, -23.77255]]]}",Paulínia,10.0,Campinas,1.0,109,0,0,0,0.01892361111111111,0.0
3538709,366,199,1020,0.0140044484718675,PIRACICABA,35,SP,São Paulo,2010-11-19 00:00:00,LT52200762010323CUB00,LT05_L2SP_220076_20101119_20200823_02_T1,0,"{'type': 'Polygon', 'coordinates': [[[-49.15754, -24.03346], [-49.15754, -22.18732], [-46.99353, -22.18732], [-46.99353, -24.03346], [-49.15754, -24.03346]]]}","{'type': 'Polygon', 'coordinates': [[[-49.15754, -23.77255], [-47.36311, -24.03346], [-46.99353, -22.44527], [-48.76763, -22.18732], [-49.15754, -23.77255]]]}",,,,0.0,197,22,823,166,0.005436882486062814,0.02248633879781421
3540705,49,91,178,0.0399192644090603,PORTO FERREIRA,35,SP,São Paulo,2010-11-19 00:00:00,LT52200752010323CUB00,LT05_L2SP_220075_20101119_20200823_02_T1,0,"{'type': 'Polygon', 'coordinates': [[[-48.80053, -22.58084], [-48.80053, -20.73669], [-46.66004, -20.73669], [-46.66004, -22.58084], [-48.80053, -22.58084]]]}","{'type': 'Polygon', 'coordinates': [[[-48.80053, -22.32266], [-47.02487, -22.58084], [-46.66004, -20.99214], [-48.41695, -20.73669], [-48.80053, -22.32266]]]}",,,,0.0,178,0,0,0,0.08072562358276644,0.0
3541307,40,97,155,0.0399484536082474,PRESIDENTE EPITÁCIO,35,SP,São Paulo,2010-11-08 00:00:00,LT52230752010312CUB00,LT05_L2SP_223075_20101108_20200823_02_T1,0,"{'type': 'Polygon', 'coordinates': [[[-53.4468, -22.57839], [-53.4468, -20.73424], [-51.30635, -20.73424], [-51.30635, -22.57839], [-53.4468, -22.57839]]]}","{'type': 'Polygon', 'coordinates': [[[-53.4468, -22.32021], [-51.67118, -22.57839], [-51.30635, -20.98969], [-53.06324, -20.73424], [-53.4468, -22.32021]]]}",,,,0.0,13,0,142,0,0.0067708333333333336,0.07244897959183673
3543303,113,149,834,0.0495337649224921,RIBEIRÃO PIRES,35,SP,São Paulo,2010-08-24 00:00:00,LT52190762010236CUB00,LT05_L2SP_219076_20100824_20200823_02_T1,0,"{'type': 'Polygon', 'coordinates': [[[-47.59278, -24.03146], [-47.59278, -22.18532], [-45.4288, -22.18532], [-45.4288, -24.03146], [-47.59278, -24.03146]]]}","{'type': 'Polygon', 'coordinates': [[[-47.59278, -23.77055], [-45.79837, -24.03146], [-45.4288, -22.44327], [-47.20287, -22.18532], [-47.59278, -23.77055]]]}",Ribeirão Pires,36.0,São Paulo,1.0,151,1,683,0,0.018057880889739298,0.08058997050147493
3543402,439,426,1164,0.0062241329526131,RIBEIRÃO PRETO,35,SP,São Paulo,2010-11-19 00:00:00,LT52200752010323CUB00,LT05_L2SP_220075_20101119_20200823_02_T1,0,"{'type': 'Polygon', 'coordinates': [[[-48.80053, -22.58084], [-48.80053, -20.73669], [-46.66004, -20.73669], [-46.66004, -22.58084], [-48.80053, -22.58084]]]}","{'type': 'Polygon', 'coordinates': [[[-48.80053, -22.32266], [-47.02487, -22.58084], [-46.66004, -20.99214], [-48.41695, -20.73669], [-48.80053, -22.32266]]]}",,,,0.0,186,138,978,604,0.0019891558920722514,0.010459110013154095
3545803,97,116,85,0.0075542125844294,SANTA BÁRBARA D'OESTE,35,SP,São Paulo,2010-11-19 00:00:00,LT52200762010323CUB00,LT05_L2SP_220076_20101119_20200823_02_T1,0,"{'type': 'Polygon', 'coordinates': [[[-49.15754, -24.03346], [-49.15754, -22.18732], [-46.99353, -22.18732], [-46.99353, -24.03346], [-49.15754, -24.03346]]]}","{'type': 'Polygon', 'coordinates': [[[-49.15754, -23.77255], [-47.36311, -24.03346], [-46.99353, -22.44527], [-48.76763, -22.18732], [-49.15754, -23.77255]]]}",Santa Bárbara D'oeste,10.0,Campinas,1.0,0,0,85,0,0.0,0.01510842516885887
3547304,172,80,498,0.0361918604651162,SANTANA DE PARNAÍBA,35,SP,São Paulo,2010-08-24 00:00:00,LT52190762010236CUB00,LT05_L2SP_219076_20100824_20200823_02_T1,0,"{'type': 'Polygon', 'coordinates': [[[-47.59278, -24.03146], [-47.59278, -22.18532], [-45.4288, -22.18532], [-45.4288, -24.03146], [-47.59278, -24.03146]]]}","{'type': 'Polygon', 'coordinates': [[[-47.59278, -23.77055], [-45.79837, -24.03146], [-45.4288, -22.44327], [-47.20287, -22.18532], [-47.59278, -23.77055]]]}",Santana de Parnaíba,36.0,São Paulo,1.0,0,0,498,0,0.0,0.07238372093023256
3547809,446,267,11485,0.0964461463529332,SANTO ANDRÉ,35,SP,São Paulo,2010-08-24 00:00:00,LT52190762010236CUB00,LT05_L2SP_219076_20100824_20200823_02_T1,0,"{'type': 'Polygon', 'coordinates': [[[-47.59278, -24.03146], [-47.59278, -22.18532], [-45.4288, -22.18532], [-45.4288, -24.03146], [-47.59278, -24.03146]]]}","{'type': 'Polygon', 'coordinates': [[[-47.59278, -23.77055], [-45.79837, -24.03146], [-45.4288, -22.44327], [-47.20287, -22.18532], [-47.59278, -23.77055]]]}",Santo André,36.0,São Paulo,1.0,4281,1105,7204,3382,0.07217033615428706,0.12054079378890302
3548708,445,397,11268,0.0637817337899414,SÃO BERNARDO DO CAMPO,35,SP,São Paulo,2010-08-24 00:00:00,LT52190762010236CUB00,LT05_L2SP_219076_20100824_20200823_02_T1,0,"{'type': 'Polygon', 'coordinates': [[[-47.59278, -24.03146], [-47.59278, -22.18532], [-45.4288, -22.18532], [-45.4288, -24.03146], [-47.59278, -24.03146]]]}","{'type': 'Polygon', 'coordinates': [[[-47.59278, -23.77055], [-45.79837, -24.03146], [-45.4288, -22.44327], [-47.20287, -22.18532], [-47.59278, -23.77055]]]}",São Bernardo do Campo,36.0,São Paulo,1.0,3957,2287,7311,3776,0.044909771876064014,0.0825588617243521
3549904,453,111,1905,0.0378855676868921,SÃO JOSÉ DOS CAMPOS,35,SP,São Paulo,2010-08-24 00:00:00,LT52190762010236CUB00,LT05_L2SP_219076_20100824_20200823_02_T1,0,"{'type': 'Polygon', 'coordinates': [[[-47.59278, -24.03146], [-47.59278, -22.18532], [-45.4288, -22.18532], [-45.4288, -24.03146], [-47.59278, -24.03146]]]}","{'type': 'Polygon', 'coordinates': [[[-47.59278, -23.77055], [-45.79837, -24.03146], [-45.4288, -22.44327], [-47.20287, -22.18532], [-47.59278, -23.77055]]]}",,,,0.0,1821,0,84,0,0.07308850090307044,0.0033112582781456954
3550308,1761,1521,85490,0.0319173441962067,SÃO PAULO,35,SP,São Paulo,2010-08-24 00:00:00,LT52190762010236CUB00,LT05_L2SP_219076_20100824_20200823_02_T1,0,"{'type': 'Polygon', 'coordinates': [[[-47.59278, -24.03146], [-47.59278, -22.18532], [-45.4288, -22.18532], [-45.4288, -24.03146], [-47.59278, -24.03146]]]}","{'type': 'Polygon', 'coordinates': [[[-47.59278, -23.77055], [-45.79837, -24.03146], [-45.4288, -22.44327], [-47.20287, -22.18532], [-47.59278, -23.77055]]]}",São Paulo,36.0,São Paulo,1.0,39076,36016,46414,42551,0.029196927583012046,0.03463418601753125
3551900,6,35,10,0.0476190476190476,SEVERÍNIA,35,SP,São Paulo,2010-09-23 00:00:00,LT52210742010266CUB00,LT05_L2SP_221074_20100923_20200823_02_T1,0,"{'type': 'Polygon', 'coordinates': [[[-50.00557, -21.14635], [-50.00557, -19.304], [-47.88641, -19.304], [-47.88641, -21.14635], [-50.00557, -21.14635]]]}","{'type': 'Polygon', 'coordinates': [[[-50.00557, -20.89065], [-48.24701, -21.14635], [-47.88641, -19.55718], [-49.62773, -19.304], [-50.00557, -20.89065]]]}",,,,0.0,10,0,0,0,0.09803921568627451,0.0
3552403,165,444,864,0.0117936117936117,SUMARÉ,35,SP,São Paulo,2010-11-19 00:00:00,LT52200762010323CUB00,LT05_L2SP_220076_20101119_20200823_02_T1,0,"{'type': 'Polygon', 'coordinates': [[[-49.15754, -24.03346], [-49.15754, -22.18732], [-46.99353, -22.18732], [-46.99353, -24.03346], [-49.15754, -24.03346]]]}","{'type': 'Polygon', 'coordinates': [[[-49.15754, -23.77255], [-47.36311, -24.03346], [-46.99353, -22.44527], [-48.76763, -22.18732], [-49.15754, -23.77255]]]}",Sumaré,10.0,Campinas,1.0,224,6,640,366,0.006115206115206115,0.017472017472017473
3552502,627,152,3276,0.0343742130445731,SUZANO,35,SP,São Paulo,2010-08-24 00:00:00,LT52190762010236CUB00,LT05_L2SP_219076_20100824_20200823_02_T1,0,"{'type': 'Polygon', 'coordinates': [[[-47.59278, -24.03146], [-47.59278, -22.18532], [-45.4288, -22.18532], [-45.4288, -24.03146], [-47.59278, -24.03146]]]}","{'type': 'Polygon', 'coordinates': [[[-47.59278, -23.77055], [-45.79837, -24.03146], [-45.4288, -22.44327], [-47.20287, -22.18532], [-47.59278, -23.77055]]]}",Suzano,36.0,São Paulo,1.0,1588,35,1688,459,0.03332493914211366,0.03542348694703265
3552700,19,41,15,0.0192554557124518,TABATINGA,35,SP,São Paulo,2010-10-09 00:00:00,LT52210752010282COA00,LT05_L2SP_221075_20101009_20200823_02_T1,0,"{'type': 'Polygon', 'coordinates': [[[-50.35831, -22.58292], [-50.35831, -20.73877], [-48.21779, -20.73877], [-48.21779, -22.58292], [-50.35831, -22.58292]]]}","{'type': 'Polygon', 'coordinates': [[[-50.35831, -22.32474], [-48.58263, -22.58292], [-48.21779, -20.99422], [-49.97472, -20.73877], [-50.35831, -22.32474]]]}",,,,0.0,15,0,0,0,0.039473684210526314,0.0
3553401,61,62,208,0.0549973558963511,TANABI,35,SP,São Paulo,2010-09-23 00:00:00,LT52210742010266CUB00,LT05_L2SP_221074_20100923_20200823_02_T1,0,"{'type': 'Polygon', 'coordinates': [[[-50.00557, -21.14635], [-50.00557, -19.304], [-47.88641, -19.304], [-47.88641, -21.14635], [-50.00557, -21.14635]]]}","{'type': 'Polygon', 'coordinates': [[[-50.00557, -20.89065], [-48.24701, -21.14635], [-47.88641, -19.55718], [-49.62773, -19.304], [-50.00557, -20.89065]]]}",,,,0.0,0,0,208,0,0.0,0.10999471179270227
3557006,146,245,228,0.0063740564719038,VOTORANTIM,35,SP,São Paulo,2010-11-19 00:00:00,LT52200762010323CUB00,LT05_L2SP_220076_20101119_20200823_02_T1,0,"{'type': 'Polygon', 'coordinates': [[[-49.15754, -24.03346], [-49.15754, -22.18732], [-46.99353, -22.18732], [-46.99353, -24.03346], [-49.15754, -24.03346]]]}","{'type': 'Polygon', 'coordinates': [[[-49.15754, -23.77255], [-47.36311, -24.03346], [-46.99353, -22.44527], [-48.76763, -22.18732], [-49.15754, -23.77255]]]}",,,,0.0,82,0,146,45,0.004603637996856052,0.008130081300813009
3557105,74,8,23,0.0388513513513513,VOTUPORANGA,35,SP,São Paulo,2010-08-29 00:00:00,LT52220742010241CUB01,LT05_L2SP_222074_20100829_20200823_02_T1,0,"{'type': 'Polygon', 'coordinates': [[[-51.53131, -21.15001], [-51.53131, -19.30766], [-49.4121, -19.30766], [-49.4121, -21.15001], [-51.53131, -21.15001]]]}","{'type': 'Polygon', 'coordinates': [[[-51.53131, -20.89431], [-49.77271, -21.15001], [-49.4121, -19.56085], [-51.15346, -19.30766], [-51.53131, -20.89431]]]}",,,,0.0,13,0,10,0,0.04391891891891892,0.033783783783783786
4112702,24,23,25,0.0452898550724637,JATAIZINHO,41,PR,Paraná,2010-08-29 00:00:00,LT52220762010241CUB01,LT05_L2SP_222076_20100829_20200823_02_T1,0,"{'type': 'Polygon', 'coordinates': [[[-52.2319, -24.03158], [-52.2319, -22.18544], [-50.06792, -22.18544], [-50.06792, -24.03158], [-52.2319, -24.03158]]]}","{'type': 'Polygon', 'coordinates': [[[-52.2319, -23.77067], [-50.43749, -24.03158], [-50.06792, -22.44339], [-51.84199, -22.18544], [-52.2319, -23.77067]]]}",Jataizinho,21.0,Londrina,1.0,0,0,25,0,0.0,0.08680555555555555
4128104,56,15,34,0.0404761904761904,UMUARAMA,41,PR,Paraná,2010-11-08 00:00:00,LT52230762010312CUB00,LT05_L2SP_223076_20101108_20200823_02_T1,0,"{'type': 'Polygon', 'coordinates': [[[-53.80373, -24.03058], [-53.80373, -22.18444], [-51.63977, -22.18444], [-51.63977, -24.03058], [-53.80373, -24.03058]]]}","{'type': 'Polygon', 'coordinates': [[[-53.80373, -23.76968], [-52.00934, -24.03058], [-51.63977, -22.44239], [-53.41383, -22.18444], [-53.80373, -23.76968]]]}",,,,0.0,14,0,20,0,0.03571428571428571,0.044642857142857144
4217907,12,49,121,0.20578231292517,TANGARÁ,42,SC,Santa Catarina,2010-11-01 00:00:00,LT52220792010305CUB00,LT05_L2SP_222079_20101101_20200823_02_T1,0,"{'type': 'Polygon', 'coordinates': [[[-53.376, -28.35073], [-53.376, -26.4976], [-51.12963, -26.4976], [-51.12963, -28.35073], [-53.376, -28.35073]]]}","{'type': 'Polygon', 'coordinates': [[[-53.376, -28.08029], [-51.51639, -28.35073], [-51.12963, -26.7643], [-52.96372, -26.4976], [-53.376, -28.08029]]]}",,,,0.0,121,0,0,0,0.4201388888888889,0.0
5002704,522,308,3439,0.0213900084589739,CAMPO GRANDE,50,MS,Mato Grosso do Sul,2010-10-21 00:00:00,LT52250742010294CUB00,LT05_L2SP_225074_20101021_20200823_02_T1,0,"{'type': 'Polygon', 'coordinates': [[[-56.19268, -21.14303], [-56.19268, -19.30069], [-54.07357, -19.30069], [-54.07357, -21.14303], [-56.19268, -21.14303]]]}","{'type': 'Polygon', 'coordinates': [[[-56.19268, -20.88735], [-54.43416, -21.14303], [-54.07357, -19.55387], [-55.81485, -19.30069], [-56.19268, -20.88735]]]}",,,,0.0,221,0,3218,2572,0.0027491665422699906,0.04003085037567796
5103403,480,369,18185,0.1026705058717253,CUIABÁ,51,MT,Mato Grosso,2010-09-26 00:00:00,LT52260712010269CUB01,LT05_L2SP_226071_20100926_20200823_02_T1,0,"{'type': 'Polygon', 'coordinates': [[[-56.71616, -16.80627], [-56.71616, -14.96849], [-54.65091, -14.96849], [-54.65091, -16.80627], [-56.71616, -16.80627]]]}","{'type': 'Polygon', 'coordinates': [[[-56.71616, -16.55691], [-55.00119, -16.80627], [-54.65091, -15.21596], [-56.35286, -14.96849], [-56.71616, -16.55691]]]}",Cuiabá,41.0,Vale do Rio Cuiabá,1.0,7736,2479,10449,7600,0.08759057971014493,0.11766891891891892
5108402,132,275,1239,0.0341322314049586,VÁRZEA GRANDE,51,MT,Mato Grosso,2010-09-26 00:00:00,LT52260712010269CUB01,LT05_L2SP_226071_20100926_20200823_02_T1,0,"{'type': 'Polygon', 'coordinates': [[[-56.71616, -16.80627], [-56.71616, -14.96849], [-54.65091, -14.96849], [-54.65091, -16.80627], [-56.71616, -16.80627]]]}","{'type': 'Polygon', 'coordinates': [[[-56.71616, -16.55691], [-55.00119, -16.80627], [-54.65091, -15.21596], [-56.35286, -14.96849], [-56.71616, -16.55691]]]}",Várzea Grande,41.0,Vale do Rio Cuiabá,1.0,630,121,609,0,0.03483742534837425,0.033432147562582344
5201108,99,103,603,0.0591350397175639,ANÁPOLIS,52,GO,Goiás,2010-08-29 00:00:00,LT52220712010241CUB01,LT05_L2SP_222071_20100829_20200823_02_T1,0,"{'type': 'Polygon', 'coordinates': [[[-50.51743, -16.81858], [-50.51743, -14.9808], [-48.45204, -14.9808], [-48.45204, -16.81858], [-50.51743, -16.81858]]]}","{'type': 'Polygon', 'coordinates': [[[-50.51743, -16.56921], [-48.80235, -16.81858], [-48.45204, -15.22828], [-50.15409, -14.9808], [-50.51743, -16.56921]]]}",,,,0.0,603,0,0,0,0.11942959001782531,0.0
5208707,465,211,904,0.0092136778270396,GOIÂNIA,52,GO,Goiás,2010-08-29 00:00:00,LT52220712010241CUB01,LT05_L2SP_222071_20100829_20200823_02_T1,0,"{'type': 'Polygon', 'coordinates': [[[-50.51743, -16.81858], [-50.51743, -14.9808], [-48.45204, -14.9808], [-48.45204, -16.81858], [-50.51743, -16.81858]]]}","{'type': 'Polygon', 'coordinates': [[[-50.51743, -16.56921], [-48.80235, -16.81858], [-48.45204, -15.22828], [-50.15409, -14.9808], [-50.51743, -16.56921]]]}",Goiânia,18.0,Goiânia,1.0,585,79,319,88,0.011981566820276499,0.006471900994116453
5215231,77,27,209,0.1005291005291005,NOVO GAMA,52,GO,Goiás,2010-09-23 00:00:00,LT52210712010266CUB00,LT05_L2SP_221071_20100923_20200823_02_T1,0,"{'type': 'Polygon', 'coordinates': [[[-48.99028, -16.80841], [-48.99028, -14.97063], [-46.925, -14.97063], [-46.925, -16.80841], [-48.99028, -16.80841]]]}","{'type': 'Polygon', 'coordinates': [[[-48.99028, -16.55905], [-47.27528, -16.80841], [-46.925, -15.2181], [-48.62696, -14.97063], [-48.99028, -16.55905]]]}",Novo Gama,30.0,RIDE Distrito Federal e Entorno,1.0,97,0,112,0,0.0969030969030969,0.1038961038961039
5221858,74,146,375,0.0347093669011477,VALPARAÍSO DE GOIÁS,52,GO,Goiás,2010-09-23 00:00:00,LT52210712010266CUB00,LT05_L2SP_221071_20100923_20200823_02_T1,0,"{'type': 'Polygon', 'coordinates': [[[-48.99028, -16.80841], [-48.99028, -14.97063], [-46.925, -14.97063], [-46.925, -16.80841], [-48.99028, -16.80841]]]}","{'type': 'Polygon', 'coordinates': [[[-48.99028, -16.55905], [-47.27528, -16.80841], [-46.925, -15.2181], [-48.62696, -14.97063], [-48.99028, -16.55905]]]}",Valparaíso de Goiás,30.0,RIDE Distrito Federal e Entorno,1.0,375,0,0,0,0.06941873380229545,0.0
5300108,1801,1980,38980,0.0109310764502324,BRASÍLIA,53,DF,Distrito Federal,2010-09-23 00:00:00,LT52210712010266CUB00,LT05_L2SP_221071_20100923_20200823_02_T1,0,"{'type': 'Polygon', 'coordinates': [[[-48.99028, -16.80841], [-48.99028, -14.97063], [-46.925, -14.97063], [-46.925, -16.80841], [-48.99028, -16.80841]]]}","{'type': 'Polygon', 'coordinates': [[[-48.99028, -16.55905], [-47.27528, -16.80841], [-46.925, -15.2181], [-48.62696, -14.97063], [-48.99028, -16.55905]]]}",Brasília,30.0,RIDE Distrito Federal e Entorno,1.0,18006,17215,20974,19988,0.010098766678444636,0.011763386222020314
